dataset,regime,sigma_test,Q (frozen MLP),APPNP,PPR-Prob,LAME (published defaults),LAME (tuned),Graph-TV,Coupled Potts solver,"PPR-Prob, renormalised each step",PtS without mass preservation,PtS
amazon-ratings,heterophilic control,0.0,49.52439273321086,51.62754303599374,52.770633462611414,50.07756685037763,52.048717425324895,52.35898482683541,52.12152139892494,52.7509015445329,52.69442743417023,52.744097434850644
amazon-ratings,heterophilic control,0.5,40.70808101426594,44.201991336100335,45.27341180739833,,,,44.80551586491573,,,45.20310267401511
amazon-ratings,heterophilic control,1.0,35.728153137828585,38.69565217391305,38.80565194710939,,,,38.45229185094464,,,38.80950760926266
amazon-ratings,heterophilic control,1.5,34.43469188723322,37.085799823093154,37.06470708307818,,,,36.93724342836406,,,37.05200607833798
amazon-ratings,heterophilic control,2.0,34.17341407543489,36.7369758000499,36.797985983534055,36.41332698283096,36.72540881359008,36.73289333424055,36.69978000045361,36.8120478102107,36.79435712503686,36.77666643986301
roman-empire,heterophilic control,0.0,65.53570115449665,65.64894477535113,65.54231928818297,64.12971542025149,65.54967277005662,65.56511508199132,65.53937789543347,65.54673137730715,65.53717185087139,65.53643650268401
roman-empire,heterophilic control,0.5,53.910091428291295,53.842194278991094,53.877245875922256,,,,53.86695100129912,,,53.87038262617349
roman-empire,heterophilic control,1.0,36.2350172806824,36.194818246439695,36.188935460940755,,,,36.20290707650072,,,36.18403313969164
roman-empire,heterophilic control,1.5,25.13959359756845,25.111405250386053,25.10258107213766,,,,25.10944432188641,,,25.104296884574843
roman-empire,heterophilic control,2.0,19.335490354682943,19.304850846875997,19.304850846875997,18.89256562982572,19.292104811628306,19.314900605436673,19.295291320440228,19.303135034438807,19.294555972252862,19.297987597127243
books-history,main,0.0,81.37825912555155,82.59045326915363,82.86843160850381,81.77657440834336,82.94504612916165,82.96750902527077,82.93702366626555,82.85318892900119,82.89971921379863,82.87645407139992
books-history,main,0.5,80.41502874715871,82.20403797299105,82.46851183313278,,,,82.57079823505815,,,82.48669608236396
books-history,main,1.0,77.41248830057495,81.10950661853188,81.41422650086909,,,,81.45313544591524,,,81.47492980344965
books-history,main,1.5,72.55288140125685,79.66506217408744,80.20738066586442,,,,79.75264072736998,,,80.30832999064046
books-history,main,2.0,66.9136248161519,78.1099077416767,78.89931809065384,76.43749164326782,77.65610375718678,78.90493381468112,77.64834870972057,78.85653162187458,79.09065383072603,79.13290546864553
cora-tag,main,0.0,60.51139864448552,76.16142945163278,78.42267406038201,72.9513247073321,76.77757239679606,76.82070240295748,76.80221811460258,78.25631546518792,79.14972273567467,79.74121996303143
cora-tag,main,0.5,58.84575888272746,75.60484699116861,77.91949065516533,,,,75.59868556171698,,,78.95255699322243
cora-tag,main,1.0,54.16718011912097,73.86527007599095,76.28055042103101,,,,72.80961182994454,,,77.32183199835696
cora-tag,main,1.5,48.819059355103725,71.431505442596,73.52433764633395,,,,68.82522078455536,,,75.21256931608133
cora-tag,main,2.0,43.81803245019511,68.16184021359622,70.46826863832409,54.91065927295132,63.94126103922777,68.71636886424317,63.85910864653933,69.96508523310742,71.23844731977819,72.29615937564182
ele-computers,main,0.0,60.9633535863044,75.36646413695594,78.70801329817724,77.75937177576522,78.31690167755741,76.47120638923917,78.33084947839046,78.70170812793764,79.66506171424204,80.11062707784019
ele-computers,main,0.5,58.043104436547054,74.13740176035259,77.95113811507254,,,,77.06357394881985,,,79.25700892914008
ele-computers,main,1.0,51.17868470327487,71.16957723515101,75.20609627167005,,,,73.41141554256309,,,77.07077075929534
ele-computers,main,1.5,43.916402359025305,66.2468951813214,71.46025195205523,,,,68.16385799992358,,,73.74425210490784
ele-computers,main,2.0,38.04654362031411,59.93618403454468,66.84665061714242,62.72886494197969,62.447361381787616,59.64429923446317,62.45118269708433,65.7445195969786,67.41812831976766,69.56290521864292
ele-photo,main,0.0,66.83000792584168,71.8670526206968,74.43226851373238,67.908611599297,74.83752024535649,72.03211688893482,74.82029015472621,74.77514731727489,74.92160308763223,74.91057582962887
ele-photo,main,0.5,64.28914389423022,70.39146765911988,73.30737333011704,,,,73.54124309360535,,,73.46072113672652
ele-photo,main,1.0,57.874610887119935,66.69837003342639,70.02285858690284,,,,69.92935662841587,,,70.18183488978485
ele-photo,main,1.5,50.53976130581114,61.253891128800674,65.39209942910966,,,,64.83958785623211,,,65.96965206703655
ele-photo,main,2.0,44.14889095649976,55.97034127066175,61.00256154014036,55.6593955684207,59.576139770495196,57.06491149476779,59.517442595081384,60.598228746683205,60.730785577265465,61.426766371457774
ogbn-arxiv,main,0.0,55.94510626916034,66.09880048556673,65.95889142645515,58.59171930402102,67.53012502657586,65.8038941354786,67.46017049702007,67.07267726957869,67.44645392259736,66.5583057287273
ogbn-arxiv,main,0.5,51.12327314043258,64.52619522800376,65.02662158485873,,,,66.4961239246777,,,65.92414277125097
ogbn-arxiv,main,1.0,40.108406659854104,58.08923546100263,62.72498039672906,,,,62.0688709201764,,,63.035889416977
ogbn-arxiv,main,1.5,29.73296115694733,45.496048483518386,52.23934507929323,,,,52.1257261211585,,,53.93357063007085
ogbn-arxiv,main,2.0,22.654065706963674,33.86050701031258,40.434861131114445,31.487311025611124,40.37725151853909,35.253653752511845,40.38090927171849,40.60288916779256,41.68215496528564,40.61706296136269
ogbn-products,main,0.0,59.582638038833466,70.58381241440138,71.32348677332594,72.50998716275112,71.40316417173987,,71.3956031029301,70.72290896909946,71.9303604475972,72.16851905321562
ogbn-products,main,0.5,41.75428544661441,56.828892761802884,57.65753268467798,,,,57.318015089905174,,,57.11696145044796
ogbn-products,main,1.0,30.48441197301773,38.51289139639234,37.262126942713955,,,,37.83449633717426,,,37.284508911342144
ogbn-products,main,1.5,25.213021566266868,31.64197345100887,30.272722128863606,,,,30.952553088267344,,,30.34309127922088
ogbn-products,main,2.0,22.461555655265265,28.539701058634986,27.23575809178706,25.88837663400797,27.470342008831388,,27.664670514377093,27.503673971532727,27.438011661818994,27.330658040420992
pubmed-tag,main,0.0,81.59060175794454,84.35429344151453,84.95520622041921,84.9949290060852,85.05070993914808,85.11071670047329,85.0684584178499,84.9239350912779,85.11916835699796,85.184246112238
pubmed-tag,main,0.5,79.38697318007662,83.58631958530539,84.16638494478251,,,,83.91086319585305,,,84.38781834572909
pubmed-tag,main,1.0,74.5151566373676,81.98022312373226,82.75946585530764,,,,80.96658778453912,,,83.05048456164074
pubmed-tag,main,1.5,69.24583051611448,80.35215235519495,81.45960108181202,,,,77.3061753437007,,,81.83795357223349
pubmed-tag,main,2.0,64.56135902636917,78.8708586883029,80.22002479152582,73.4353166553978,73.86663286004055,79.64474870407933,73.87254901960785,80.07831868379535,80.63105702050935,80.72627901735407
tape-arxiv23,main,0.0,67.58776202330698,69.52989140238842,69.6785366381643,69.01720965472454,69.81599740231627,69.81130714002236,69.82970739979073,69.76115741241837,69.74564346790778,69.71786268355162
tape-arxiv23,main,0.5,61.958966218085166,65.2916982357398,65.2749816598718,,,,65.30540823321427,,,65.28279876369496
tape-arxiv23,main,1.0,48.95142571947421,55.35399454005364,55.320681651453384,,,,54.60583757260886,,,55.32561244001876
tape-arxiv23,main,1.5,36.890716888552156,44.87270147081815,45.87184760255439,,,,43.74090510035959,,,45.8965015453813
tape-arxiv23,main,2.0,28.55984894950151,35.62554870055682,38.26255847794976,32.507125590792654,35.255499031881754,36.536060901251936,35.253574821709904,38.06773219804933,38.69454366153143,38.91306177917283
wikics,main,0.0,72.66917507553731,77.77549740607719,78.23556239667066,76.56062938258937,78.17798301123082,78.17741291830569,78.17171198905422,78.08391767858161,78.2384128612964,78.41856222564279
wikics,main,0.5,69.8764798662182,77.12217091385895,77.48246964255173,,,,77.17918020637364,,,77.61264086046025
wikics,main,1.0,62.54071413640423,75.32922866427228,75.6889573000399,,,,74.7914410048838,,,76.13895064895578
wikics,main,1.5,53.910647435532,72.18744655378828,73.0904737472208,,,,71.53678049522073,,,74.37679341732701
wikics,main,2.0,46.356916177336906,67.97255952720293,68.98390437641335,63.474336316819645,67.80419208330957,65.10195161811374,67.81445375596222,67.9782604564544,69.66497539098873,72.14906029682838
