dataset,backbone,sigma,anchor,appnp,pts,pts_minus_appnp,sd,sd_over
wikics,gcn,0,79.08,79.05,79.4,0.35,0.21,splits
wikics,gcn,2,76.73,76.91,77.68,0.77,0.3,splits
cora-tag,gcn,0,81.96,82.37,83.1,0.73,0.49,splits
cora-tag,gcn,2,76.2,78.34,79.94,1.6,0.61,splits
pubmed-tag,gcn,0,85.77,85.74,85.81,0.06,0.05,splits
pubmed-tag,gcn,2,80.41,82.27,82.73,0.46,0.17,splits
tape-arxiv23,gcn,0,69.28,69.26,69.26,-0.0,0.02,splits
tape-arxiv23,gcn,2,43.43,44.04,44.33,0.29,0.11,splits
ogbn-arxiv,gcn,0,71.83,71.9,72.48,0.58,0.28,seed x draw
ogbn-arxiv,gcn,2,62.73,64.66,64.78,0.12,0.33,seed x draw
ogbn-products,gcn,0,76.55,77.24,77.73,0.49,0.17,seed x draw
ogbn-products,gcn,2,63.81,69.16,71.01,1.86,1.1,seed x draw
ele-photo,gcn,0,81.33,81.42,81.87,0.45,0.18,splits
ele-photo,gcn,2,78.47,78.94,79.67,0.73,0.22,splits
ele-computers,gcn,0,84.03,84.61,85.6,0.99,0.14,splits
ele-computers,gcn,2,77.19,80.58,82.49,1.91,0.41,splits
books-history,gcn,0,82.68,82.66,82.66,-0.0,0.03,splits
books-history,gcn,2,80.04,80.27,80.44,0.16,0.12,splits
roman-empire,gcn,0,45.72,45.7,45.7,0.0,0.02,splits
roman-empire,gcn,2,20.38,20.36,20.35,-0.01,0.02,splits
amazon-ratings,gcn,0,50.02,50.0,50.0,-0.01,0.05,splits
amazon-ratings,gcn,2,37.22,37.93,37.82,-0.11,0.24,splits
wikics,sage,0,78.72,79.08,79.41,0.33,0.18,splits
wikics,sage,2,71.06,75.12,76.38,1.27,0.43,splits
cora-tag,sage,0,73.54,74.76,75.96,1.2,1.17,splits
cora-tag,sage,2,68.18,70.89,72.69,1.8,0.95,splits
pubmed-tag,sage,0,84.1,84.47,84.8,0.33,0.18,splits
pubmed-tag,sage,2,72.26,78.63,80.04,1.41,0.77,splits
tape-arxiv23,sage,0,70.04,70.2,70.35,0.15,0.09,splits
tape-arxiv23,sage,2,39.67,41.59,43.09,1.5,0.44,splits
ogbn-arxiv,sage,0,71.85,72.17,72.43,0.26,0.06,seed x draw
ogbn-arxiv,sage,2,50.0,55.3,57.44,2.14,0.94,seed x draw
ogbn-products,sage,0,78.18,78.34,78.37,0.04,0.11,seed x draw
ogbn-products,sage,2,39.56,39.61,39.69,0.09,0.13,seed x draw
ele-photo,sage,0,79.44,79.53,80.16,0.63,0.26,splits
ele-photo,sage,2,76.38,76.81,77.43,0.62,0.22,splits
ele-computers,sage,0,79.71,80.96,82.23,1.28,0.3,splits
ele-computers,sage,2,73.7,77.8,79.92,2.12,0.36,splits
books-history,sage,0,81.86,81.85,81.9,0.05,0.05,splits
books-history,sage,2,79.68,80.14,80.28,0.14,0.14,splits
roman-empire,sage,0,80.0,79.99,79.97,-0.03,0.05,splits
roman-empire,sage,2,21.05,21.01,21.01,-0.0,0.05,splits
amazon-ratings,sage,0,55.07,55.38,55.49,0.11,0.15,splits
amazon-ratings,sage,2,33.29,37.84,37.64,-0.2,0.17,splits
