dataset,method,sigma,acc
wikics,C&S,0.0,76.9
wikics,C&S,0.5,75.64
wikics,C&S,1.0,73.14
wikics,C&S,1.5,71.19
wikics,C&S,2.0,70.06
wikics,C&S-PtS,0.0,78.82
wikics,C&S-PtS,0.5,78.27
wikics,C&S-PtS,1.0,77.32
wikics,C&S-PtS,1.5,76.31
wikics,C&S-PtS,2.0,75.43
cora-tag,C&S,0.0,87.38
cora-tag,C&S,0.5,87.14
cora-tag,C&S,1.0,86.81
cora-tag,C&S,1.5,86.54
cora-tag,C&S,2.0,86.18
cora-tag,C&S-PtS,0.0,87.23
cora-tag,C&S-PtS,0.5,87.05
cora-tag,C&S-PtS,1.0,86.66
cora-tag,C&S-PtS,1.5,86.42
cora-tag,C&S-PtS,2.0,86.0
pubmed-tag,C&S,0.0,86.97
pubmed-tag,C&S,0.5,86.39
pubmed-tag,C&S,1.0,85.48
pubmed-tag,C&S,1.5,84.89
pubmed-tag,C&S,2.0,84.44
pubmed-tag,C&S-PtS,0.0,86.98
pubmed-tag,C&S-PtS,0.5,86.38
pubmed-tag,C&S-PtS,1.0,85.48
pubmed-tag,C&S-PtS,1.5,84.88
pubmed-tag,C&S-PtS,2.0,84.44
tape-arxiv23,C&S,0.0,70.32
tape-arxiv23,C&S,0.5,66.31
tape-arxiv23,C&S,1.0,57.91
tape-arxiv23,C&S,1.5,50.56
tape-arxiv23,C&S,2.0,45.54
tape-arxiv23,C&S-PtS,0.0,70.31
tape-arxiv23,C&S-PtS,0.5,66.32
tape-arxiv23,C&S-PtS,1.0,57.92
tape-arxiv23,C&S-PtS,1.5,50.56
tape-arxiv23,C&S-PtS,2.0,45.55
ogbn-arxiv,C&S,0.0,70.91
ogbn-arxiv,C&S,0.5,69.99
ogbn-arxiv,C&S,1.0,68.98
ogbn-arxiv,C&S,1.5,68.49
ogbn-arxiv,C&S,2.0,68.35
ogbn-arxiv,C&S-PtS,0.0,71.0
ogbn-arxiv,C&S-PtS,0.5,70.07
ogbn-arxiv,C&S-PtS,1.0,69.16
ogbn-arxiv,C&S-PtS,1.5,68.71
ogbn-arxiv,C&S-PtS,2.0,68.61
ogbn-products,C&S,0.0,77.97
ogbn-products,C&S,0.5,76.55
ogbn-products,C&S,1.0,75.84
ogbn-products,C&S,1.5,75.26
ogbn-products,C&S,2.0,75.08
ogbn-products,C&S-PtS,0.0,78.67
ogbn-products,C&S-PtS,0.5,78.07
ogbn-products,C&S-PtS,1.0,77.25
ogbn-products,C&S-PtS,1.5,77.04
ogbn-products,C&S-PtS,2.0,76.73
ele-photo,C&S,0.0,87.26
ele-photo,C&S,0.5,87.04
ele-photo,C&S,1.0,86.62
ele-photo,C&S,1.5,86.2
ele-photo,C&S,2.0,85.8
ele-photo,C&S-PtS,0.0,87.31
ele-photo,C&S-PtS,0.5,87.11
ele-photo,C&S-PtS,1.0,86.73
ele-photo,C&S-PtS,1.5,86.4
ele-photo,C&S-PtS,2.0,86.13
ele-computers,C&S,0.0,90.68
ele-computers,C&S,0.5,90.57
ele-computers,C&S,1.0,90.35
ele-computers,C&S,1.5,90.08
ele-computers,C&S,2.0,89.87
ele-computers,C&S-PtS,0.0,90.73
ele-computers,C&S-PtS,0.5,90.65
ele-computers,C&S-PtS,1.0,90.47
ele-computers,C&S-PtS,1.5,90.26
ele-computers,C&S-PtS,2.0,90.08
books-history,C&S,0.0,84.53
books-history,C&S,0.5,84.33
books-history,C&S,1.0,83.78
books-history,C&S,1.5,83.24
books-history,C&S,2.0,82.74
books-history,C&S-PtS,0.0,84.53
books-history,C&S-PtS,0.5,84.32
books-history,C&S-PtS,1.0,83.84
books-history,C&S-PtS,1.5,83.27
books-history,C&S-PtS,2.0,82.81
roman-empire,C&S,0.0,64.63
roman-empire,C&S,0.5,53.0
roman-empire,C&S,1.0,35.98
roman-empire,C&S,1.5,25.22
roman-empire,C&S,2.0,19.5
roman-empire,C&S-PtS,0.0,64.67
roman-empire,C&S-PtS,0.5,52.96
roman-empire,C&S-PtS,1.0,35.95
roman-empire,C&S-PtS,1.5,25.22
roman-empire,C&S-PtS,2.0,19.51
amazon-ratings,C&S,0.0,53.57
amazon-ratings,C&S,0.5,48.18
amazon-ratings,C&S,1.0,46.47
amazon-ratings,C&S,1.5,45.98
amazon-ratings,C&S,2.0,45.76
amazon-ratings,C&S-PtS,0.0,53.53
amazon-ratings,C&S-PtS,0.5,48.18
amazon-ratings,C&S-PtS,1.0,46.74
amazon-ratings,C&S-PtS,1.5,46.33
amazon-ratings,C&S-PtS,2.0,46.2
