dataset,nodes,undirected_edge_pairs,features,classes,edge_homophily_reported_in_pdf,population
wikics,11701,215603,300,10,0.65,main9
cora-tag,2708,5278,768,7,0.81,main9
pubmed-tag,19717,44324,768,3,0.8,main9
tape-arxiv23,46198,38863,300,40,0.64,main9
ogbn-arxiv,169343,1157799,128,40,0.65,main9
ogbn-products,2449029,61859012,100,47,0.81,main9
ele-photo,48362,436891,768,12,0.74,main9
ele-computers,87229,628274,768,10,0.82,main9
books-history,41551,251590,768,12,0.64,main9
roman-empire,22662,32927,300,18,0.05,controls
amazon-ratings,24492,93050,300,5,0.38,controls
