quantity,value
DepthRoster,9
DepthLostAppnpClean,33.77619568440355
DepthLostAppnpSev,21.142037287449064
DepthLostAppnpCleanRestart,4.130875171176811
DepthLostAppnpSevRestart,2.6913172991132726
DepthLostPprClean,31.153999138841627
DepthLostPprSev,20.498367567217848
DepthLostPprCleanRestart,2.1582236622185036
DepthLostPprSevRestart,0.726766841835655
DepthLostPtsCleanEta16,5.1588935655480554
DepthLostPtsSevEta16,2.0267604258619727
DepthLostPtsCleanRestartEta16,1.7149981439381037
DepthLostPtsSevRestartEta16,0.16262585721955958
DepthLostLogitCleanEta16,22.021412471495793
DepthLostLogitSevEta16,13.565778602866757
DepthLostLogitCleanRestartEta16,14.081322755949046
DepthLostLogitSevRestartEta16,7.815950669238461
DepthLostPtsCleanEta200,2.2728353677579634
DepthLostPtsSevEta200,0.0268129914610995
DepthLostPtsCleanRestartEta200,0.835608429803969
DepthLostPtsSevRestartEta200,0.7180578966959388
DepthLostLogitCleanEta200,21.990279293355442
DepthLostLogitSevEta200,13.45300625852527
DepthLostLogitCleanRestartEta200,13.894474784337746
DepthLostLogitSevRestartEta200,7.698080062625124
