sigma,alpha,method,eta,K,acc
0.0,0.0,Q (frozen MLP),0.0,1,67.5
0.0,0.0,Q (frozen MLP),0.0,2,67.5
0.0,0.0,Q (frozen MLP),0.0,3,67.5
0.0,0.0,Q (frozen MLP),0.0,5,67.5
0.0,0.0,Q (frozen MLP),0.0,10,67.5
0.0,0.0,Q (frozen MLP),0.0,20,67.5
0.0,0.0,Q (frozen MLP),0.0,40,67.5
0.0,0.0,Q (frozen MLP),0.0,100,67.5
0.0,0.0,APPNP,0.0,1,74.5
0.0,0.0,APPNP,0.0,2,74.3
0.0,0.0,APPNP,0.0,3,73.4
0.0,0.0,APPNP,0.0,5,70.7
0.0,0.0,APPNP,0.0,10,64.8
0.0,0.0,APPNP,0.0,20,58.2
0.0,0.0,APPNP,0.0,40,50.2
0.0,0.0,APPNP,0.0,100,40.5
0.0,0.0,Logit-Sharp,16.0,1,74.5
0.0,0.0,Logit-Sharp,16.0,2,74.9
0.0,0.0,Logit-Sharp,16.0,3,74.7
0.0,0.0,Logit-Sharp,16.0,5,74.3
0.0,0.0,Logit-Sharp,16.0,10,72.7
0.0,0.0,Logit-Sharp,16.0,20,68.0
0.0,0.0,Logit-Sharp,16.0,40,60.7
0.0,0.0,Logit-Sharp,16.0,100,52.9
0.0,0.0,PPR-Prob,0.0,1,75.1
0.0,0.0,PPR-Prob,0.0,2,75.8
0.0,0.0,PPR-Prob,0.0,3,75.2
0.0,0.0,PPR-Prob,0.0,5,73.3
0.0,0.0,PPR-Prob,0.0,10,68.5
0.0,0.0,PPR-Prob,0.0,20,61.4
0.0,0.0,PPR-Prob,0.0,40,53.7
0.0,0.0,PPR-Prob,0.0,100,44.6
0.0,0.0,PtS,16.0,1,75.1
0.0,0.0,PtS,16.0,2,75.8
0.0,0.0,PtS,16.0,3,75.8
0.0,0.0,PtS,16.0,5,75.3
0.0,0.0,PtS,16.0,10,74.4
0.0,0.0,PtS,16.0,20,73.5
0.0,0.0,PtS,16.0,40,71.9
0.0,0.0,PtS,16.0,100,70.6
0.0,0.0,PtS,200.0,1,75.1
0.0,0.0,PtS,200.0,2,75.4
0.0,0.0,PtS,200.0,3,75.4
0.0,0.0,PtS,200.0,5,75.1
0.0,0.0,PtS,200.0,10,74.7
0.0,0.0,PtS,200.0,20,74.2
0.0,0.0,PtS,200.0,40,73.5
0.0,0.0,PtS,200.0,100,73.2
0.0,0.1,Q (frozen MLP),0.0,1,67.5
0.0,0.1,Q (frozen MLP),0.0,2,67.5
0.0,0.1,Q (frozen MLP),0.0,3,67.5
0.0,0.1,Q (frozen MLP),0.0,5,67.5
0.0,0.1,Q (frozen MLP),0.0,10,67.5
0.0,0.1,Q (frozen MLP),0.0,20,67.5
0.0,0.1,Q (frozen MLP),0.0,40,67.5
0.0,0.1,Q (frozen MLP),0.0,100,67.5
0.0,0.1,APPNP,0.0,1,74.3
0.0,0.1,APPNP,0.0,2,74.5
0.0,0.1,APPNP,0.0,3,74.1
0.0,0.1,APPNP,0.0,5,73.0
0.0,0.1,APPNP,0.0,10,71.4
0.0,0.1,APPNP,0.0,20,70.6
0.0,0.1,APPNP,0.0,40,70.4
0.0,0.1,APPNP,0.0,100,70.4
0.0,0.1,Logit-Sharp,16.0,1,74.3
0.0,0.1,Logit-Sharp,16.0,2,75.1
0.0,0.1,Logit-Sharp,16.0,3,75.0
0.0,0.1,Logit-Sharp,16.0,5,74.6
0.0,0.1,Logit-Sharp,16.0,10,73.3
0.0,0.1,Logit-Sharp,16.0,20,70.2
0.0,0.1,Logit-Sharp,16.0,40,64.6
0.0,0.1,Logit-Sharp,16.0,100,61.0
0.0,0.1,PPR-Prob,0.0,1,74.8
0.0,0.1,PPR-Prob,0.0,2,75.6
0.0,0.1,PPR-Prob,0.0,3,75.6
0.0,0.1,PPR-Prob,0.0,5,75.0
0.0,0.1,PPR-Prob,0.0,10,74.0
0.0,0.1,PPR-Prob,0.0,20,73.6
0.0,0.1,PPR-Prob,0.0,40,73.5
0.0,0.1,PPR-Prob,0.0,100,73.5
0.0,0.1,PtS,16.0,1,74.8
0.0,0.1,PtS,16.0,2,75.9
0.0,0.1,PtS,16.0,3,76.1
0.0,0.1,PtS,16.0,5,75.8
0.0,0.1,PtS,16.0,10,75.3
0.0,0.1,PtS,16.0,20,74.9
0.0,0.1,PtS,16.0,40,74.5
0.0,0.1,PtS,16.0,100,74.2
0.0,0.1,PtS,200.0,1,74.8
0.0,0.1,PtS,200.0,2,75.7
0.0,0.1,PtS,200.0,3,75.7
0.0,0.1,PtS,200.0,5,75.5
0.0,0.1,PtS,200.0,10,75.2
0.0,0.1,PtS,200.0,20,75.0
0.0,0.1,PtS,200.0,40,74.9
0.0,0.1,PtS,200.0,100,74.8
2.0,0.0,Q (frozen MLP),0.0,1,41.9
2.0,0.0,Q (frozen MLP),0.0,2,41.9
2.0,0.0,Q (frozen MLP),0.0,3,41.9
2.0,0.0,Q (frozen MLP),0.0,5,41.9
2.0,0.0,Q (frozen MLP),0.0,10,41.9
2.0,0.0,Q (frozen MLP),0.0,20,41.9
2.0,0.0,Q (frozen MLP),0.0,40,41.9
2.0,0.0,Q (frozen MLP),0.0,100,41.9
2.0,0.0,APPNP,0.0,1,54.0
2.0,0.0,APPNP,0.0,2,55.8
2.0,0.0,APPNP,0.0,3,55.5
2.0,0.0,APPNP,0.0,5,53.8
2.0,0.0,APPNP,0.0,10,50.3
2.0,0.0,APPNP,0.0,20,45.9
2.0,0.0,APPNP,0.0,40,40.4
2.0,0.0,APPNP,0.0,100,34.7
2.0,0.0,Logit-Sharp,16.0,1,54.0
2.0,0.0,Logit-Sharp,16.0,2,56.0
2.0,0.0,Logit-Sharp,16.0,3,56.4
2.0,0.0,Logit-Sharp,16.0,5,56.4
2.0,0.0,Logit-Sharp,16.0,10,55.6
2.0,0.0,Logit-Sharp,16.0,20,53.0
2.0,0.0,Logit-Sharp,16.0,40,48.5
2.0,0.0,Logit-Sharp,16.0,100,42.5
2.0,0.0,PPR-Prob,0.0,1,54.2
2.0,0.0,PPR-Prob,0.0,2,57.7
2.0,0.0,PPR-Prob,0.0,3,58.5
2.0,0.0,PPR-Prob,0.0,5,57.8
2.0,0.0,PPR-Prob,0.0,10,54.4
2.0,0.0,PPR-Prob,0.0,20,50.2
2.0,0.0,PPR-Prob,0.0,40,44.5
2.0,0.0,PPR-Prob,0.0,100,37.2
2.0,0.0,PtS,16.0,1,54.2
2.0,0.0,PtS,16.0,2,58.1
2.0,0.0,PtS,16.0,3,58.8
2.0,0.0,PtS,16.0,5,59.4
2.0,0.0,PtS,16.0,10,59.0
2.0,0.0,PtS,16.0,20,58.1
2.0,0.0,PtS,16.0,40,57.0
2.0,0.0,PtS,16.0,100,56.1
2.0,0.0,PtS,200.0,1,54.2
2.0,0.0,PtS,200.0,2,57.7
2.0,0.0,PtS,200.0,3,58.0
2.0,0.0,PtS,200.0,5,58.1
2.0,0.0,PtS,200.0,10,58.7
2.0,0.0,PtS,200.0,20,58.5
2.0,0.0,PtS,200.0,40,57.9
2.0,0.0,PtS,200.0,100,57.7
2.0,0.1,Q (frozen MLP),0.0,1,41.9
2.0,0.1,Q (frozen MLP),0.0,2,41.9
2.0,0.1,Q (frozen MLP),0.0,3,41.9
2.0,0.1,Q (frozen MLP),0.0,5,41.9
2.0,0.1,Q (frozen MLP),0.0,10,41.9
2.0,0.1,Q (frozen MLP),0.0,20,41.9
2.0,0.1,Q (frozen MLP),0.0,40,41.9
2.0,0.1,Q (frozen MLP),0.0,100,41.9
2.0,0.1,APPNP,0.0,1,53.5
2.0,0.1,APPNP,0.0,2,55.2
2.0,0.1,APPNP,0.0,3,55.4
2.0,0.1,APPNP,0.0,5,54.7
2.0,0.1,APPNP,0.0,10,53.5
2.0,0.1,APPNP,0.0,20,52.8
2.0,0.1,APPNP,0.0,40,52.6
2.0,0.1,APPNP,0.0,100,52.6
2.0,0.1,Logit-Sharp,16.0,1,53.5
2.0,0.1,Logit-Sharp,16.0,2,55.8
2.0,0.1,Logit-Sharp,16.0,3,56.4
2.0,0.1,Logit-Sharp,16.0,5,56.5
2.0,0.1,Logit-Sharp,16.0,10,56.0
2.0,0.1,Logit-Sharp,16.0,20,54.2
2.0,0.1,Logit-Sharp,16.0,40,51.1
2.0,0.1,Logit-Sharp,16.0,100,48.0
2.0,0.1,PPR-Prob,0.0,1,53.1
2.0,0.1,PPR-Prob,0.0,2,55.6
2.0,0.1,PPR-Prob,0.0,3,56.3
2.0,0.1,PPR-Prob,0.0,5,56.3
2.0,0.1,PPR-Prob,0.0,10,55.5
2.0,0.1,PPR-Prob,0.0,20,55.0
2.0,0.1,PPR-Prob,0.0,40,54.8
2.0,0.1,PPR-Prob,0.0,100,54.8
2.0,0.1,PtS,16.0,1,53.1
2.0,0.1,PtS,16.0,2,57.1
2.0,0.1,PtS,16.0,3,57.9
2.0,0.1,PtS,16.0,5,58.1
2.0,0.1,PtS,16.0,10,58.2
2.0,0.1,PtS,16.0,20,57.8
2.0,0.1,PtS,16.0,40,57.3
2.0,0.1,PtS,16.0,100,57.0
2.0,0.1,PtS,200.0,1,53.1
2.0,0.1,PtS,200.0,2,56.8
2.0,0.1,PtS,200.0,3,57.2
2.0,0.1,PtS,200.0,5,57.1
2.0,0.1,PtS,200.0,10,56.7
2.0,0.1,PtS,200.0,20,56.4
2.0,0.1,PtS,200.0,40,56.2
2.0,0.1,PtS,200.0,100,56.1
