dataset,sigma_test,anchor,appnp,graphtv,lame,lame_default,potts,ppr,potts-lame_default_mean,potts-lame_default_sd,potts-lame_default_wins,potts-lame_default_cells,potts-lame_mean,potts-lame_sd,potts-lame_wins,potts-lame_cells,potts-graphtv_mean,potts-graphtv_sd,potts-graphtv_wins,potts-graphtv_cells,lame_default-appnp_mean,lame_default-appnp_sd,lame_default-appnp_wins,lame_default-appnp_cells,lame-appnp_mean,lame-appnp_sd,lame-appnp_wins,lame-appnp_cells,graphtv-appnp_mean,graphtv-appnp_sd,graphtv-appnp_wins,graphtv-appnp_cells,lame_default-ppr_mean,lame_default-ppr_sd,lame_default-ppr_wins,lame_default-ppr_cells,lame-ppr_mean,lame-ppr_sd,lame-ppr_wins,lame-ppr_cells,graphtv-ppr_mean,graphtv-ppr_sd,graphtv-ppr_wins,graphtv-ppr_cells
amazon-ratings,0.0,49.52439273321086,51.62754303599374,52.35898482683541,52.048717425324895,50.07756685037763,52.744097434850644,52.770633462611414,2.6665305844730214,0.4124142452561921,10,10,0.6953800095257533,0.3575133591498956,10,10,0.38511260801524116,0.38756491191811177,7.0,10.0,-1.549976185616112,0.43247359806008245,0,10,0.42117438933115625,0.372226882378939,9,10,0.7314417908416686,0.29204438627882123,10.0,10.0,-2.69306661223379,0.42958552342466066,0,10,-0.7219160372865215,0.37114739599027824,0,10,-0.4116486357760093,0.3659243467623303,2.0,10.0
amazon-ratings,2.0,34.17341407543489,36.7369758000499,36.73289333424055,36.72540881359008,36.41332698283096,36.77666643986301,36.797985983534055,0.3633394570320475,0.19545159542564083,9,10,0.051257626272935654,0.07392082887559895,7,10,0.04377310562246285,0.07329849089200216,7.0,10.0,-0.3236488172189339,0.1696402739420114,0,10,-0.011566986459821984,0.1119023180304052,5,10,-0.004082465809349183,0.07279576926721397,5.0,10.0,-0.3846590007030917,0.16765139162090245,0,10,-0.07257716994397985,0.059268655349223626,1,10,-0.06509264929350704,0.0970529448731445,2.0,10.0
books-history,0.0,81.37825912555155,82.59045326915363,82.96750902527077,82.94504612916165,81.77657440834336,82.87645407139992,82.86843160850381,1.0998796630565593,0.19673489829390417,10,10,-0.06859205776173234,0.13588874983029783,3,10,-0.09105495387083717,0.21640873508998798,3.0,10.0,-0.8138788608102692,0.2705621122171969,0,10,0.3545928600080228,0.13709051425463306,10,10,0.37705575611712766,0.09346159709748217,10.0,10.0,-1.0918572001604492,0.2051339561832159,0,10,0.07661452065784281,0.1124965892578857,7,10,0.09907741676694762,0.1444297096052076,8.0,10.0
books-history,2.0,66.9136248161519,78.1099077416767,78.90493381468112,77.65610375718678,76.43749164326782,79.13290546864553,78.89931809065384,2.695413825377724,0.9132360805176128,10,10,1.4768017114587502,0.5442556436337634,10,10,0.2279716539644335,0.48561667307097456,7.0,10.0,-1.672416098408878,0.9388278738139014,0,10,-0.45380398448990433,0.6694326893764565,2,10,0.7950260730044125,0.2213913378067142,10.0,10.0,-2.461826447386014,0.8318842779126677,0,10,-1.2432143334670402,0.492189623259288,0,10,0.00561572402727682,0.35143673889896837,4.0,10.0
cora-tag,0.0,60.51139864448552,76.16142945163278,76.82070240295748,76.77757239679606,72.9513247073321,79.74121996303143,78.42267406038201,6.789895255699321,1.8615721306886939,10,10,2.9636475662353656,0.9246478981606867,10,10,2.920517560073936,0.6567054883289828,10.0,10.0,-3.2101047443006783,2.413108547519219,1,10,0.6161429451632772,1.8277753511018264,6,10,0.6592729513247069,1.386298806320472,6.0,10.0,-5.471349353049909,2.0825266961703117,0,10,-1.6451016635859528,1.1230603172421207,0,10,-1.6019716574245233,1.0011137898503957,0.0,10.0
cora-tag,2.0,43.81803245019511,68.16184021359622,68.71636886424317,63.94126103922777,54.91065927295132,72.29615937564182,70.46826863832409,17.385500102690493,3.6402777196708977,10,10,8.354898336414047,2.248331371358839,10,10,3.579790511398644,1.6102023234789211,10.0,10.0,-13.251180940644897,4.462781654615276,0,10,-4.220579174368453,2.939799168337118,1,10,0.5545286506469501,0.921293900501268,6.0,10.0,-15.557609365372766,3.662342778108808,0,10,-6.527007599096324,2.2248616289434957,0,10,-1.7518997740809206,1.4614011039538977,1.0,10.0
ele-computers,0.0,60.9633535863044,75.36646413695594,76.47120638923917,78.31690167755741,77.75937177576522,80.11062707784019,78.70801329817724,2.351255302074974,0.3967673306259226,10,10,1.7937254002827765,0.5852401175873289,10,10,3.639420688601015,0.7746369448772449,10.0,10.0,2.3929076388092776,1.0747015520412102,10,10,2.9504375406014747,1.3280128424931636,10,10,1.104742252283235,0.4472551687617955,10.0,10.0,-0.9486415224120149,0.4256811553399729,0,10,-0.3911116206198177,0.8298053843936555,2,10,-2.2368069089380573,0.661782386906675,0.0,10.0
ele-computers,2.0,38.04654362031411,59.93618403454468,59.64429923446317,62.447361381787616,62.72886494197969,69.56290521864292,66.84665061714242,6.834040276663226,2.265254998746615,10,10,7.115543836855312,1.5423690482420183,10,10,9.918605984179752,1.0091154487860872,10.0,10.0,2.7926809074350056,2.249090703362568,9,10,2.511177347242921,1.435739449899982,9,10,-0.2918848000815216,0.49120296411686803,3.0,10.0,-4.117785675162724,1.9480545480869356,0,10,-4.399289235354809,1.222856359914648,0,10,-7.202351382679252,0.9238074089027045,0.0,10.0
ele-photo,0.0,66.83000792584168,71.8670526206968,72.03211688893482,74.83752024535649,67.908611599297,74.91057582962887,74.43226851373238,7.001964230331851,1.6821333908603917,10,10,0.07305558427237346,0.35335383159503536,8,10,2.8784589406940273,0.43131413630851956,10.0,10.0,-3.9584410213997723,1.4855753987958225,0,10,2.970467624659706,0.5630301040322852,10,10,0.16506426823805137,0.42973395069431636,5.0,10.0,-6.523656914435369,1.7278698603661689,0,10,0.40525173162410855,0.6113058736857016,8,10,-2.4001516247975454,0.42836791417558134,0.0,10.0
ele-photo,2.0,44.14889095649976,55.97034127066175,57.06491149476779,59.576139770495196,55.6593955684207,61.426766371457774,61.00256154014036,5.767370803037091,1.2554587446908718,10,10,1.8506266009625882,0.74104643423756,10,10,4.361854876689985,0.9999879032111476,10.0,10.0,-0.3109457022410605,0.7397991383033538,3,10,3.605798499833442,0.4580010478135602,10,10,1.094570224106046,0.3168104440774042,10.0,10.0,-5.343165971719678,0.9483698624104177,0,10,-1.4264217696451755,0.46231814796903253,0,10,-3.937650045372571,0.6698045733777065,0.0,10.0
ogbn-arxiv,0.0,55.94510626916034,66.09880048556673,65.8038941354786,67.53012502657586,58.59171930402102,66.5583057287273,65.95889142645515,7.966586424706297,0.4732083990050059,3,3,-0.9718192978485566,0.3216024848919497,0,3,0.754411593248705,0.694974645692551,3.0,3.0,-7.507081181545725,0.9772979864107016,0,3,1.4313245410091306,0.45578001420780606,3,3,-0.29490635008813104,0.2745131729021193,1.0,3.0,-7.367172122434144,0.8809941767980278,0,3,1.5712336001207101,0.41306479470860497,3,3,-0.15499729097655143,0.36784914314324,1.0,3.0
ogbn-arxiv,2.0,22.654065706963674,33.86050701031258,35.253653752511845,40.37725151853909,31.487311025611124,40.61706296136269,40.434861131114445,9.129751935751566,0.9953832268859834,9,9,0.23981144282360276,0.3128209823729382,7,9,5.363409208850848,1.0061095651440342,9.0,9.0,-2.3731959847014483,1.120215772774338,1,9,6.516744508226516,1.4520940910834206,9,9,1.39314674219927,0.8497800476681138,9.0,9.0,-8.947550105503318,0.9645171549516267,0,9,-0.057609612575355074,0.34002876869200926,5,9,-5.1812073786026005,0.979883470543489,0.0,9.0
ogbn-products,0.0,59.582638038833466,70.58381241440138,,71.40316417173987,72.50998716275112,72.16851905321562,71.32348677332594,-0.3414681095354884,0.1685601203802961,0,3,0.765354881475729,0.1795934176427964,3,3,,,,,1.9261747483497071,0.1578135713857616,3,3,0.8193517573384898,0.37384181466117666,3,3,,,,,1.1865003894251676,0.055422178554912487,3,3,0.0796773984139502,0.35736424802913536,1,3,,,,
ogbn-products,2.0,22.461555655265265,28.539701058634986,,27.470342008831388,25.88837663400797,27.330658040420992,27.23575809178706,1.433967243100259,0.13336581898993038,6,6,-0.14799813172315843,0.4832917966528558,1,6,,,,,-2.6563902403169757,0.20721977229889596,0,6,-1.074424865493558,0.4163795128474952,0,6,,,,,-1.3573022226981777,0.27120990417123164,0,6,0.22466315212524013,0.516828223252931,5,6,,,,
pubmed-tag,0.0,81.59060175794454,84.35429344151453,85.11071670047329,85.05070993914808,84.9949290060852,85.184246112238,84.95520622041921,0.18931710615280536,0.562713635564495,6,10,0.13353617308992574,0.2260034692458733,7,10,0.07352941176470636,0.4026169442851295,8.0,10.0,0.640635564570656,0.497010423308954,9,10,0.6964164976335356,0.7097065776300778,7,10,0.756423258958755,0.4823824043156098,9.0,10.0,0.03972278566599095,0.470923220738589,4,10,0.0955037187288706,0.2947745344186963,7,10,0.15551048005409,0.3159608583675799,6.0,10.0
pubmed-tag,2.0,64.56135902636917,78.8708586883029,79.64474870407933,73.86663286004055,73.4353166553978,80.72627901735407,80.22002479152582,7.290962361956278,3.8121136258804866,10,10,6.859646157313499,2.974978783706746,10,10,1.081530313274735,0.9309225317583807,10.0,10.0,-5.435542032905117,4.455696433565599,0,10,-5.0042258282623395,3.492460657937483,0,10,0.773890015776426,0.8098218490187425,7.0,10.0,-6.784708136128016,3.961659074402905,0,10,-6.3533919314852385,3.099980304295556,0,10,-0.5752760874464726,0.801977973468825,3.0,10.0
roman-empire,0.0,65.53570115449665,65.64894477535113,65.56511508199132,65.54967277005662,64.12971542025149,65.53643650268401,65.54231928818297,1.4067210824325316,0.24292597093775858,10,10,-0.01323626737260053,0.01691123201280439,2,10,-0.028678579307301888,0.03296788259645514,0.0,10.0,-1.51922935509964,0.28183444434778765,0,10,-0.09927200529450804,0.14086178408407027,3,10,-0.08382969335980668,0.12315466217553767,3.0,10.0,-1.4126038679314654,0.24384921539534232,0,10,0.007353481873666838,0.010399393796404534,5,10,0.022795793808368197,0.034219817658732735,6.0,10.0
roman-empire,2.0,19.335490354682943,19.304850846875997,19.314900605436673,19.292104811628306,18.89256562982572,19.297987597127243,19.304850846875997,0.4054219673015174,0.21548910065640964,9,10,0.0058827854989337855,0.04385073911526552,4,10,-0.01691300830943432,0.04327222314582545,3.0,10.0,-0.4122852170502734,0.2285642114330174,1,10,-0.012746035247689757,0.049857675608444604,4,10,0.010049758560678343,0.041924481389187494,6.0,10.0,-0.4122852170502732,0.21069464725523962,0,10,-0.012746035247689635,0.028766783216795423,4,10,0.010049758560678471,0.03169599121910586,5.0,10.0
tape-arxiv23,0.0,67.58776202330698,69.52989140238842,69.81130714002236,69.81599740231627,69.01720965472454,69.71786268355162,69.6785366381643,0.7006530288270737,0.0936632896394478,10,10,-0.09813471876465715,0.06968623506617827,1,10,-0.0934444564707578,0.14614272142944518,4.0,10.0,-0.5126817476638879,0.11277130092615126,0,10,0.2861059999278429,0.10440128636399959,10,10,0.28141573763394356,0.11892072272691974,10.0,10.0,-0.6613269834397665,0.07762424132772339,0,10,0.13746076415196432,0.07620261759160758,10,10,0.13277050185806494,0.14717181274330815,8.0,10.0
tape-arxiv23,2.0,28.55984894950151,35.62554870055682,36.536060901251936,35.255499031881754,32.507125590792654,38.91306177917283,38.26255847794976,6.405936188380176,0.404383172037644,10,10,3.6575627472910726,0.25652067025755076,10,10,2.377000877920891,0.2670577356335358,10.0,10.0,-3.118423109764164,0.5328026407263573,0,10,-0.3700496686750612,0.41528549730347547,2,10,0.9105122006951211,0.13661789883205938,10.0,10.0,-5.7554328871571,0.4869672191973884,0,10,-3.0070594460679967,0.42830421304877714,0,10,-1.7264975766978146,0.20126762270560147,0.0,10.0
wikics,0.0,72.66917507553731,77.77549740607719,78.17741291830569,78.17798301123082,76.56062938258937,78.41856222564279,78.23556239667066,1.8579328430534168,1.466523220721262,10,10,0.24057921441194932,0.33210108096390567,7,10,0.24114930733709555,0.2132931570064081,8.0,10.0,-1.2148680234878286,1.0747539437560432,0,10,0.4024856051536393,0.6509619157084902,6,10,0.40191551222849303,0.38230010085603167,9.0,10.0,-1.6749330140812937,1.473660009624816,0,10,-0.05757938543982617,0.3435143003443992,4,10,-0.05814947836497238,0.3300723709709931,5.0,10.0
wikics,2.0,46.356916177336906,67.97255952720293,65.10195161811374,67.80419208330957,63.474336316819645,72.14906029682838,68.98390437641335,8.674723980008743,2.0762397887167494,10,10,4.3448682135188035,0.8646287317109425,10,10,7.047108678714631,1.6119198033612285,10.0,10.0,-4.498223210383292,3.3124509067132144,0,10,-0.16836744389335523,1.568564521876197,4,10,-2.8706079090891827,1.2164516545281097,0.0,10.0,-5.509568059593713,2.609825303183377,0,10,-1.179712293103776,0.5615734522792578,0,10,-3.881952758299603,1.2006819430181563,0.0,10.0
