dataset,backbone,sigma,anchor_pct,appnp_pct,pts_pct,pts_minus_appnp_pp,paired_sd_pp,sd_basis,source_precision
wikics,gcn,0,79.08,79.05,79.4,0.35,0.21,split_sd,printed_two_decimals
wikics,gcn,2,76.73,76.91,77.68,0.77,0.3,split_sd,printed_two_decimals
cora-tag,gcn,0,81.96,82.37,83.1,0.73,0.49,split_sd,printed_two_decimals
cora-tag,gcn,2,76.2,78.34,79.94,1.6,0.61,split_sd,printed_two_decimals
pubmed-tag,gcn,0,85.77,85.74,85.81,0.06,0.05,split_sd,printed_two_decimals
pubmed-tag,gcn,2,80.41,82.27,82.73,0.46,0.17,split_sd,printed_two_decimals
tape-arxiv23,gcn,0,69.28,69.26,69.26,-0.0,0.02,split_sd,printed_two_decimals
tape-arxiv23,gcn,2,43.43,44.04,44.33,0.29,0.11,split_sd,printed_two_decimals
ogbn-arxiv,gcn,0,71.83,71.9,72.48,0.58,0.28,seed_draw_sd,printed_two_decimals
ogbn-arxiv,gcn,2,62.73,64.66,64.78,0.12,0.33,seed_draw_sd,printed_two_decimals
ogbn-products,gcn,0,76.55,77.24,77.73,0.49,0.17,seed_draw_sd,printed_two_decimals
ogbn-products,gcn,2,63.81,69.16,71.01,1.86,1.1,seed_draw_sd,printed_two_decimals
ele-photo,gcn,0,81.33,81.42,81.87,0.45,0.18,split_sd,printed_two_decimals
ele-photo,gcn,2,78.47,78.94,79.67,0.73,0.22,split_sd,printed_two_decimals
ele-computers,gcn,0,84.03,84.61,85.6,0.99,0.14,split_sd,printed_two_decimals
ele-computers,gcn,2,77.19,80.58,82.49,1.91,0.41,split_sd,printed_two_decimals
books-history,gcn,0,82.68,82.66,82.66,-0.0,0.03,split_sd,printed_two_decimals
books-history,gcn,2,80.04,80.27,80.44,0.16,0.12,split_sd,printed_two_decimals
roman-empire,gcn,0,45.72,45.7,45.7,0.0,0.02,split_sd,printed_two_decimals
roman-empire,gcn,2,20.38,20.36,20.35,-0.01,0.02,split_sd,printed_two_decimals
amazon-ratings,gcn,0,50.02,50.0,50.0,-0.01,0.05,split_sd,printed_two_decimals
amazon-ratings,gcn,2,37.22,37.93,37.82,-0.11,0.24,split_sd,printed_two_decimals
