dataset,access,cs_clean_pct,cs_pts_clean_pct,cs_severe_pct,cs_pts_severe_pct,severe_gain_pp,severe_paired_sd_pp,source_precision
wikics,label_aware,76.9,78.82,70.06,75.43,5.38,0.85,printed_two_decimals
cora-tag,label_aware,87.38,87.23,86.18,86.0,-0.17,0.2,printed_two_decimals
pubmed-tag,label_aware,86.97,86.98,84.44,84.44,-0.0,0.05,printed_two_decimals
tape-arxiv23,label_aware,70.32,70.31,45.54,45.55,0.02,0.04,printed_two_decimals
ogbn-arxiv,label_aware,70.91,71.0,68.35,68.61,0.26,0.3,printed_two_decimals
ogbn-products,label_aware,77.97,78.67,75.08,76.73,1.65,0.53,printed_two_decimals
ele-photo,label_aware,87.26,87.31,85.8,86.13,0.33,0.09,printed_two_decimals
ele-computers,label_aware,90.68,90.73,89.87,90.08,0.21,0.08,printed_two_decimals
books-history,label_aware,84.53,84.53,82.74,82.81,0.07,0.04,printed_two_decimals
roman-empire,label_aware,64.63,64.67,19.5,19.51,0.01,0.07,printed_two_decimals
amazon-ratings,label_aware,53.57,53.53,45.76,46.2,0.44,0.29,printed_two_decimals
