dataset,access,method,sigma,accuracy_pct,source_precision
wikics,label_aware,cs,0,76.9,printed_two_decimals
wikics,label_aware,cs,0.5,75.64,printed_two_decimals
wikics,label_aware,cs,1,73.14,printed_two_decimals
wikics,label_aware,cs,1.5,71.19,printed_two_decimals
wikics,label_aware,cs,2,70.06,printed_two_decimals
wikics,label_aware,cs_pts,0,78.82,printed_two_decimals
wikics,label_aware,cs_pts,0.5,78.27,printed_two_decimals
wikics,label_aware,cs_pts,1,77.32,printed_two_decimals
wikics,label_aware,cs_pts,1.5,76.31,printed_two_decimals
wikics,label_aware,cs_pts,2,75.43,printed_two_decimals
cora-tag,label_aware,cs,0,87.38,printed_two_decimals
cora-tag,label_aware,cs,0.5,87.14,printed_two_decimals
cora-tag,label_aware,cs,1,86.81,printed_two_decimals
cora-tag,label_aware,cs,1.5,86.54,printed_two_decimals
cora-tag,label_aware,cs,2,86.18,printed_two_decimals
cora-tag,label_aware,cs_pts,0,87.23,printed_two_decimals
cora-tag,label_aware,cs_pts,0.5,87.05,printed_two_decimals
cora-tag,label_aware,cs_pts,1,86.66,printed_two_decimals
cora-tag,label_aware,cs_pts,1.5,86.42,printed_two_decimals
cora-tag,label_aware,cs_pts,2,86.0,printed_two_decimals
pubmed-tag,label_aware,cs,0,86.97,printed_two_decimals
pubmed-tag,label_aware,cs,0.5,86.39,printed_two_decimals
pubmed-tag,label_aware,cs,1,85.48,printed_two_decimals
pubmed-tag,label_aware,cs,1.5,84.89,printed_two_decimals
pubmed-tag,label_aware,cs,2,84.44,printed_two_decimals
pubmed-tag,label_aware,cs_pts,0,86.98,printed_two_decimals
pubmed-tag,label_aware,cs_pts,0.5,86.38,printed_two_decimals
pubmed-tag,label_aware,cs_pts,1,85.48,printed_two_decimals
pubmed-tag,label_aware,cs_pts,1.5,84.88,printed_two_decimals
pubmed-tag,label_aware,cs_pts,2,84.44,printed_two_decimals
tape-arxiv23,label_aware,cs,0,70.32,printed_two_decimals
tape-arxiv23,label_aware,cs,0.5,66.31,printed_two_decimals
tape-arxiv23,label_aware,cs,1,57.91,printed_two_decimals
tape-arxiv23,label_aware,cs,1.5,50.56,printed_two_decimals
tape-arxiv23,label_aware,cs,2,45.54,printed_two_decimals
tape-arxiv23,label_aware,cs_pts,0,70.31,printed_two_decimals
tape-arxiv23,label_aware,cs_pts,0.5,66.32,printed_two_decimals
tape-arxiv23,label_aware,cs_pts,1,57.92,printed_two_decimals
tape-arxiv23,label_aware,cs_pts,1.5,50.56,printed_two_decimals
tape-arxiv23,label_aware,cs_pts,2,45.55,printed_two_decimals
ogbn-arxiv,label_aware,cs,0,70.91,printed_two_decimals
ogbn-arxiv,label_aware,cs,0.5,69.99,printed_two_decimals
ogbn-arxiv,label_aware,cs,1,68.98,printed_two_decimals
ogbn-arxiv,label_aware,cs,1.5,68.49,printed_two_decimals
ogbn-arxiv,label_aware,cs,2,68.35,printed_two_decimals
ogbn-arxiv,label_aware,cs_pts,0,71.0,printed_two_decimals
ogbn-arxiv,label_aware,cs_pts,0.5,70.07,printed_two_decimals
ogbn-arxiv,label_aware,cs_pts,1,69.16,printed_two_decimals
ogbn-arxiv,label_aware,cs_pts,1.5,68.71,printed_two_decimals
ogbn-arxiv,label_aware,cs_pts,2,68.61,printed_two_decimals
ogbn-products,label_aware,cs,0,77.97,printed_two_decimals
ogbn-products,label_aware,cs,0.5,76.55,printed_two_decimals
ogbn-products,label_aware,cs,1,75.84,printed_two_decimals
ogbn-products,label_aware,cs,1.5,75.26,printed_two_decimals
ogbn-products,label_aware,cs,2,75.08,printed_two_decimals
ogbn-products,label_aware,cs_pts,0,78.67,printed_two_decimals
ogbn-products,label_aware,cs_pts,0.5,78.07,printed_two_decimals
ogbn-products,label_aware,cs_pts,1,77.25,printed_two_decimals
ogbn-products,label_aware,cs_pts,1.5,77.04,printed_two_decimals
ogbn-products,label_aware,cs_pts,2,76.73,printed_two_decimals
ele-photo,label_aware,cs,0,87.26,printed_two_decimals
ele-photo,label_aware,cs,0.5,87.04,printed_two_decimals
ele-photo,label_aware,cs,1,86.62,printed_two_decimals
ele-photo,label_aware,cs,1.5,86.2,printed_two_decimals
ele-photo,label_aware,cs,2,85.8,printed_two_decimals
ele-photo,label_aware,cs_pts,0,87.31,printed_two_decimals
ele-photo,label_aware,cs_pts,0.5,87.11,printed_two_decimals
ele-photo,label_aware,cs_pts,1,86.73,printed_two_decimals
ele-photo,label_aware,cs_pts,1.5,86.4,printed_two_decimals
ele-photo,label_aware,cs_pts,2,86.13,printed_two_decimals
ele-computers,label_aware,cs,0,90.68,printed_two_decimals
ele-computers,label_aware,cs,0.5,90.57,printed_two_decimals
ele-computers,label_aware,cs,1,90.35,printed_two_decimals
ele-computers,label_aware,cs,1.5,90.08,printed_two_decimals
ele-computers,label_aware,cs,2,89.87,printed_two_decimals
ele-computers,label_aware,cs_pts,0,90.73,printed_two_decimals
ele-computers,label_aware,cs_pts,0.5,90.65,printed_two_decimals
ele-computers,label_aware,cs_pts,1,90.47,printed_two_decimals
ele-computers,label_aware,cs_pts,1.5,90.26,printed_two_decimals
ele-computers,label_aware,cs_pts,2,90.08,printed_two_decimals
books-history,label_aware,cs,0,84.53,printed_two_decimals
books-history,label_aware,cs,0.5,84.33,printed_two_decimals
books-history,label_aware,cs,1,83.78,printed_two_decimals
books-history,label_aware,cs,1.5,83.24,printed_two_decimals
books-history,label_aware,cs,2,82.74,printed_two_decimals
books-history,label_aware,cs_pts,0,84.53,printed_two_decimals
books-history,label_aware,cs_pts,0.5,84.32,printed_two_decimals
books-history,label_aware,cs_pts,1,83.84,printed_two_decimals
books-history,label_aware,cs_pts,1.5,83.27,printed_two_decimals
books-history,label_aware,cs_pts,2,82.81,printed_two_decimals
roman-empire,label_aware,cs,0,64.63,printed_two_decimals
roman-empire,label_aware,cs,0.5,53.0,printed_two_decimals
roman-empire,label_aware,cs,1,35.98,printed_two_decimals
roman-empire,label_aware,cs,1.5,25.22,printed_two_decimals
roman-empire,label_aware,cs,2,19.5,printed_two_decimals
roman-empire,label_aware,cs_pts,0,64.67,printed_two_decimals
roman-empire,label_aware,cs_pts,0.5,52.96,printed_two_decimals
roman-empire,label_aware,cs_pts,1,35.95,printed_two_decimals
roman-empire,label_aware,cs_pts,1.5,25.22,printed_two_decimals
roman-empire,label_aware,cs_pts,2,19.51,printed_two_decimals
amazon-ratings,label_aware,cs,0,53.57,printed_two_decimals
amazon-ratings,label_aware,cs,0.5,48.18,printed_two_decimals
amazon-ratings,label_aware,cs,1,46.47,printed_two_decimals
amazon-ratings,label_aware,cs,1.5,45.98,printed_two_decimals
amazon-ratings,label_aware,cs,2,45.76,printed_two_decimals
amazon-ratings,label_aware,cs_pts,0,53.53,printed_two_decimals
amazon-ratings,label_aware,cs_pts,0.5,48.18,printed_two_decimals
amazon-ratings,label_aware,cs_pts,1,46.74,printed_two_decimals
amazon-ratings,label_aware,cs_pts,1.5,46.33,printed_two_decimals
amazon-ratings,label_aware,cs_pts,2,46.2,printed_two_decimals
