cohort,graphs,sigma,Q (frozen MLP),APPNP,PPR-Prob,LAME (published defaults),LAME (tuned),Graph-TV,Coupled Potts solver,"PPR-Prob, renormalised each step",PtS without mass preservation,PtS
9 main graphs,9,0.0,67.45,74.93,76.06,73.56,76.1,,76.09,76.13,76.57,76.63
9 main graphs,9,0.5,62.85,72.19,73.47,,,,73.22,,,73.83
9 main graphs,9,1.0,55.25,66.9,68.52,,,,67.54,,,68.99
9 main graphs,9,1.5,47.87,61.46,63.72,,,,61.92,,,64.62
9 main graphs,9,2.0,41.95,56.34,59.15,52.95,56.49,,56.5,58.82,59.62,60.24
8 main graphs (no products),8,0.0,68.43,75.47,76.66,73.7,76.68,75.9,76.68,76.8,77.15,77.19
8 main graphs (no products),8,0.5,65.49,74.11,75.45,,,,75.21,,,75.92
8 main graphs (no products),8,1.0,58.34,70.45,72.43,,,,71.25,,,72.95
8 main graphs (no products),8,1.5,50.7,65.19,67.91,,,,65.79,,,68.91
8 main graphs (no products),8,2.0,44.38,59.81,63.14,56.33,60.12,60.11,60.1,62.74,63.64,64.35
heterophilic controls,2,0.0,57.53,58.64,59.16,57.1,58.8,58.96,58.83,59.15,59.12,59.14
heterophilic controls,2,0.5,47.31,49.02,49.58,,,,49.34,,,49.54
heterophilic controls,2,1.0,35.98,37.45,37.5,,,,37.33,,,37.5
heterophilic controls,2,1.5,29.79,31.1,31.08,,,,31.02,,,31.08
heterophilic controls,2,2.0,26.75,28.02,28.05,27.65,28.01,28.02,28.0,28.06,28.04,28.04
