dataset,sigma_test,anchor,appnp,potts,potts_norm,ppr,ppr_norm,potts-potts_norm_mean,potts-potts_norm_sd,potts-potts_norm_wins,potts-potts_norm_cells,ppr-ppr_norm_mean,ppr-ppr_norm_sd,ppr-ppr_norm_wins,ppr-ppr_norm_cells,potts_norm-ppr_norm_mean,potts_norm-ppr_norm_sd,potts_norm-ppr_norm_wins,potts_norm-ppr_norm_cells,potts-ppr_mean,potts-ppr_sd,potts-ppr_wins,potts-ppr_cells
amazon-ratings,0.0,49.52439273321086,51.62754303599374,52.744097434850644,52.69442743417023,52.770633462611414,52.7509015445329,0.049670000680411094,0.1371008872240334,7,10,0.01973191807851937,0.15343900124413037,5,10,-0.05647411036265981,0.07172519947605639,2,10,-0.026536027760768098,0.15323772128528046,4,10
amazon-ratings,2.0,34.17341407543489,36.7369758000499,36.77666643986301,36.79435712503686,36.797985983534055,36.8120478102107,-0.017690685173845026,0.07314823252556739,5,10,-0.014061826676645744,0.05880200387882023,5,10,-0.017690685173844905,0.02820239600260691,2,10,-0.021319543671044182,0.0664448268423722,6,10
books-history,0.0,81.37825912555155,82.59045326915363,82.87645407139992,82.89971921379863,82.86843160850381,82.85318892900119,-0.0232651423987155,0.16555801351897806,4,10,0.0152426795026069,0.07140042055157261,7,10,0.046530284797432854,0.1043125860388593,7,10,0.008022462896110449,0.18152761330099876,5,10
books-history,2.0,66.9136248161519,78.1099077416767,79.13290546864553,79.09065383072603,78.89931809065384,78.85653162187458,0.042251637919507534,0.08762634160302729,7,10,0.04278646877924823,0.05812143112888358,8,10,0.23412220885145105,0.1382860006964591,10,10,0.2335873779917103,0.1919170757033559,9,10
cora-tag,0.0,60.51139864448552,76.16142945163278,79.74121996303143,79.14972273567467,78.42267406038201,78.25631546518792,0.5914972273567453,0.66118642384186,8,10,0.16635859519408713,0.5751034228249525,7,10,0.8934072704867546,0.7664041140704572,9,10,1.3185459026494128,0.8488970157204369,10,10
cora-tag,2.0,43.81803245019511,68.16184021359622,72.29615937564182,71.23844731977819,70.46826863832409,69.96508523310742,1.0577120558636266,0.6021590746963668,10,10,0.5031834052166774,0.46008701673766556,9,10,1.2733620866707747,0.7842817000955534,10,10,1.8278907373177238,0.6504091395365854,10,10
ele-computers,0.0,60.9633535863044,75.36646413695594,80.11062707784019,79.66506171424204,78.70801329817724,78.70170812793764,0.4455653635981494,0.15480860495858523,10,10,0.006305170239597762,0.32671693317966694,6,10,0.9633535863044068,0.28420071822349857,10,10,1.4026137796629587,0.40295951497727733,10,10
ele-computers,2.0,38.04654362031411,59.93618403454468,69.56290521864292,67.41812831976766,66.84665061714242,65.7445195969786,2.144776898875259,0.36856715595389233,10,10,1.1021310201638077,0.4896834982921097,10,10,1.6736087227890508,0.5725524032190987,10,10,2.7162546015005025,0.6417114337363534,10,10
ele-photo,0.0,66.83000792584168,71.8670526206968,74.91057582962887,74.92160308763223,74.43226851373238,74.77514731727489,-0.011027258003376936,0.30304851069945693,7,10,-0.34287880354250677,0.47279918464036996,3,10,0.14645577035735216,0.38318265033587257,6,10,0.478307315896482,0.6258775971911236,8,10
ele-photo,2.0,44.14889095649976,55.97034127066175,61.426766371457774,60.730785577265465,61.00256154014036,60.598228746683205,0.6959807941923108,0.5451308161296389,9,10,0.4043327934571603,0.3204661904788714,10,10,0.13255683058226245,0.21788019847279094,8,10,0.4242048313174127,0.40946097870328096,8,10
ogbn-arxiv,0.0,55.94510626916034,66.09880048556673,66.5583057287273,67.44645392259736,65.95889142645515,67.07267726957869,-0.8881481938700605,0.33906930842357297,0,3,-1.1137858431235381,0.31500599195978923,0,3,0.3737766530186759,0.10275765114453528,3,3,0.5994143022721535,0.4079136042893994,3,3
ogbn-arxiv,2.0,22.654065706963674,33.86050701031258,40.61706296136269,41.68215496528564,40.434861131114445,40.60288916779256,-1.0650920039229403,0.287035911945841,0,9,-0.16802803667812072,1.1133486153987224,1,9,1.0792657974930675,1.2848371437783246,8,9,0.18220183024824768,0.2211872055432636,6,9
ogbn-products,0.0,59.582638038833466,70.58381241440138,72.16851905321562,71.9303604475972,71.32348677332594,70.72290896909946,0.2381586056184178,0.11198874631879317,3,3,0.6005778042264617,0.04989890063241068,3,3,1.207451478497723,0.24217683056470465,3,3,0.8450322798896792,0.17827705014296336,3,3
ogbn-products,2.0,22.461555655265265,28.539701058634986,27.330658040420992,27.438011661818994,27.23575809178706,27.503673971532727,-0.11566778471076751,0.1366100823332856,1,6,-0.25799511482657855,0.26426928059231697,1,6,-0.06566230971372933,0.11384211724981966,3,6,0.0948999486339339,0.15404132092587525,6,9
pubmed-tag,0.0,81.59060175794454,84.35429344151453,85.184246112238,85.11916835699796,84.95520622041921,84.9239350912779,0.06507775524002686,0.15776677048125157,8,10,0.03127112914131221,0.07848369222431745,7,10,0.19523326572008173,0.11094621287687385,10,10,0.22903989181879636,0.18625417631616523,9,10
pubmed-tag,2.0,64.56135902636917,78.8708586883029,80.72627901735407,80.63105702050935,80.22002479152582,80.07831868379535,0.09522199684471544,0.1284286544793404,8,10,0.14170610773044884,0.17461227529173756,7,10,0.5527383367139957,0.28982474960897925,10,10,0.5062542258282623,0.26802283648415126,10,10
roman-empire,0.0,65.53570115449665,65.64894477535113,65.53643650268401,65.53717185087139,65.54231928818297,65.54673137730715,-0.000735348187366203,0.017827876114388356,2,10,-0.0044120891241994364,0.009926443969564278,2,10,-0.009559526435766925,0.031207808972035875,3,10,-0.005882785498933692,0.013778924256739699,2,10
roman-empire,2.0,19.335490354682943,19.304850846875997,19.297987597127243,19.294555972252862,19.304850846875997,19.303135034438807,0.003431624874378019,0.03735641704025838,4,10,0.0017158124371889779,0.03425881239266375,4,10,-0.00857906218594489,0.025818116216592413,4,10,-0.006863249748755849,0.034506367920186506,5,10
tape-arxiv23,0.0,67.58776202330698,69.52989140238842,69.71786268355162,69.74564346790778,69.6785366381643,69.76115741241837,-0.027780784356171335,0.05872117772738536,4,10,-0.08262077425406743,0.04260269599418834,0,10,-0.015513944510588962,0.03659834658271979,2,10,0.03932604538730715,0.05320063794368568,8,10
tape-arxiv23,2.0,28.55984894950151,35.62554870055682,38.91306177917283,38.69454366153143,38.26255847794976,38.06773219804933,0.21851811764139928,0.1600318832180056,9,10,0.19482627990042214,0.09969355359589718,10,10,0.6268114634820987,0.2860672155130109,10,10,0.6505033012230759,0.37169435871341266,10,10
wikics,0.0,72.66917507553731,77.77549740607719,78.41856222564279,78.2384128612964,78.23556239667066,78.08391767858161,0.1801493643463888,0.27082180920814997,8,10,0.15164471808904717,0.2681417190286742,7,10,0.15449518271478152,0.234754794061666,6,10,0.18299982897212314,0.33230381412949384,7,10
wikics,2.0,46.356916177336906,67.97255952720293,72.14906029682838,69.66497539098873,68.98390437641335,67.9782604564544,2.484084905839651,0.4201454549629728,10,10,1.0056439199589533,0.423341170270419,10,10,1.6867149345343297,0.5312257663712657,10,10,3.1651559204150272,0.9124641123042646,10,10
