dataset,features,classes,mlp_parameters,mlp_layers,mlp_width,gcn_parameters,gcn_layers,gcn_width,sage_parameters,sage_layers,sage_width,population
wikics,300,10,146442,3,256,80138,2,256,159498,2,256,main9
cora-tag,768,7,265479,3,256,199175,2,256,397575,2,256,main9
pubmed-tag,768,3,264451,3,256,198147,2,256,395523,2,256,main9
tape-arxiv23,300,40,154152,3,256,87848,2,256,174888,2,256,main9
ogbn-arxiv,128,40,110120,3,256,110120,3,256,218664,3,256,main9
ogbn-products,100,47,104751,3,256,36015,3,128,71215,3,128,main9
ele-photo,768,12,266764,3,256,200460,2,256,400140,2,256,main9
ele-computers,768,10,266250,3,256,199946,2,256,399114,2,256,main9
books-history,768,12,266764,3,256,200460,2,256,400140,2,256,main9
roman-empire,300,18,148498,3,256,82194,2,256,163602,2,256,controls
amazon-ratings,300,5,145157,3,256,78853,2,256,156933,2,256,controls
