contrast,dataset,sigma,mean,sd,n_splits
pts_minus_appnp,amazon-ratings,0.0,1.1165543988569095,0.34748289042248265,10
pts_minus_appnp,amazon-ratings,0.5,1.0011113379147676,0.1983525879403861,10
pts_minus_appnp,amazon-ratings,1.0,0.1138554353496171,0.10089746690471893,10
pts_minus_appnp,amazon-ratings,1.5,-0.033793744755165056,0.06664452186757291,10
pts_minus_appnp,amazon-ratings,2.0,0.039690639813113666,0.08121590892242274,10
pts_minus_appnp,books-history,0.0,0.28600080224629043,0.22639721006155783,10
pts_minus_appnp,books-history,0.5,0.2826581093729103,0.11514262383099395,10
pts_minus_appnp,books-history,1.0,0.36542318491776954,0.16318678321357133,10
pts_minus_appnp,books-history,1.5,0.6432678165530156,0.3570162632655372,10
pts_minus_appnp,books-history,2.0,1.022997726968846,0.6086332004797548,10
pts_minus_appnp,cora-tag,0.0,3.579790511398643,1.230384649574458,10
pts_minus_appnp,cora-tag,0.5,3.347710002053809,1.052197591420794,10
pts_minus_appnp,cora-tag,1.0,3.4565619223659887,1.3175029453059608,10
pts_minus_appnp,cora-tag,1.5,3.7810638734853157,1.5374930581326436,10
pts_minus_appnp,cora-tag,2.0,4.134319162045594,1.9859171573904055,10
pts_minus_appnp,ele-computers,0.0,4.744162940884252,0.9612243307806139,10
pts_minus_appnp,ele-computers,0.5,5.119607168787497,0.8533099560200306,10
pts_minus_appnp,ele-computers,1.0,5.901193524144345,1.0477884972390434,10
pts_minus_appnp,ele-computers,1.5,7.497356923586433,0.9767625718653014,10
pts_minus_appnp,ele-computers,2.0,9.626721184098232,0.9955979371293129,10
pts_minus_appnp,ele-photo,0.0,3.043523208932079,0.6331443958324438,10
pts_minus_appnp,ele-photo,0.5,3.069253477606627,0.2673823430519819,10
pts_minus_appnp,ele-photo,1.0,3.483464856358478,0.4139410866682922,10
pts_minus_appnp,ele-photo,1.5,4.715760938235868,0.5946625349100015,10
pts_minus_appnp,ele-photo,2.0,5.4564251007960305,1.0358657203263448,10
pts_minus_appnp,ogbn-arxiv,0.0,0.45950524316057395,0.5062182582368485,1
pts_minus_appnp,ogbn-arxiv,0.5,1.3979475432472181,0.9243856876466333,1
pts_minus_appnp,ogbn-arxiv,1.0,4.946653955974367,1.5368997391114005,1
pts_minus_appnp,ogbn-arxiv,1.5,8.437522146552453,0.5857799372032676,1
pts_minus_appnp,ogbn-arxiv,2.0,6.756555951050117,1.7269065058973831,1
pts_minus_appnp,ogbn-products,0.0,1.5847066388142188,0.2379496440528773,1
pts_minus_appnp,ogbn-products,0.5,0.2880686886450774,1.3126922798826262,1
pts_minus_appnp,ogbn-products,1.0,-1.2283824850501965,0.3574388232686583,1
pts_minus_appnp,ogbn-products,1.5,-1.2988821717879853,0.2459261379588104,1
pts_minus_appnp,ogbn-products,2.0,-1.2090430182139935,0.17348770735010843,1
pts_minus_appnp,pubmed-tag,0.0,0.8299526707234612,0.6363273594388227,10
pts_minus_appnp,pubmed-tag,0.5,0.8014987604237094,0.7083950166561784,10
pts_minus_appnp,pubmed-tag,1.0,1.070261437908496,0.8256768649239137,10
pts_minus_appnp,pubmed-tag,1.5,1.4858012170385395,1.0829683029351378,10
pts_minus_appnp,pubmed-tag,2.0,1.8554203290511608,1.4389540740893385,10
pts_minus_appnp,roman-empire,0.0,-0.11250827266710857,0.13448140364017502,10
pts_minus_appnp,roman-empire,0.5,0.028188347182390838,0.04895848635626695,10
pts_minus_appnp,roman-empire,1.0,-0.010785106748045226,0.04331462762942226,10
pts_minus_appnp,roman-empire,1.5,-0.007108365811211499,0.031947733802488,10
pts_minus_appnp,roman-empire,2.0,-0.006863249748755974,0.022190187444198418,10
pts_minus_appnp,tape-arxiv23,0.0,0.1879712811631858,0.09941114040286399,10
pts_minus_appnp,tape-arxiv23,0.5,-0.008899472044834442,0.0756037667286598,10
pts_minus_appnp,tape-arxiv23,1.0,-0.028382100034875447,0.07220062900844744,10
pts_minus_appnp,tape-arxiv23,1.5,1.023800074563144,0.33100754108025865,10
pts_minus_appnp,tape-arxiv23,2.0,3.287513078616012,0.25726518292606815,10
pts_minus_appnp,wikics,0.0,0.6430648195655885,0.5031681481987285,10
pts_minus_appnp,wikics,0.5,0.4904699466012962,0.4157491420169931,10
pts_minus_appnp,wikics,1.0,0.8097219846835035,0.59274195110604,10
pts_minus_appnp,wikics,1.5,2.1893468635387574,0.9313109635517944,10
pts_minus_appnp,wikics,2.0,4.176500769625448,1.750877796811686,10
ppr_minus_appnp,amazon-ratings,0.0,1.1430904266176778,0.26940990452290337,10
ppr_minus_appnp,amazon-ratings,0.5,1.0714204712979973,0.1624043693972661,10
ppr_minus_appnp,amazon-ratings,1.0,0.10999977319634338,0.08985579341207067,10
ppr_minus_appnp,amazon-ratings,1.5,-0.02109274001496884,0.10823417522410678,10
ppr_minus_appnp,amazon-ratings,2.0,0.06101018348415784,0.07525606725961417,10
ppr_minus_appnp,books-history,0.0,0.27797833935018,0.11789123795059542,10
ppr_minus_appnp,books-history,0.5,0.26447386014172997,0.09106270898073496,10
ppr_minus_appnp,books-history,1.0,0.30471988233721076,0.13418146375541365,10
ppr_minus_appnp,books-history,1.5,0.5423184917769752,0.28447829449199813,10
ppr_minus_appnp,books-history,2.0,0.7894103489771356,0.47068838054306844,10
ppr_minus_appnp,cora-tag,0.0,2.26124460874923,0.9148333830690778,10
ppr_minus_appnp,cora-tag,0.5,2.314643663996713,0.7706607955298492,10
ppr_minus_appnp,cora-tag,1.0,2.41528034504005,1.2084828254182596,10
ppr_minus_appnp,cora-tag,1.5,2.0928322037379345,1.405504023504941,10
ppr_minus_appnp,cora-tag,2.0,2.30642842472787,1.9010546592282198,10
ppr_minus_appnp,ele-computers,0.0,3.341549161221292,0.8334247147178827,10
ppr_minus_appnp,ele-computers,0.5,3.8137363547199614,0.6611236403203578,10
ppr_minus_appnp,ele-computers,1.0,4.036519036519037,0.9956654483812409,10
ppr_minus_appnp,ele-computers,1.5,5.21335677073382,0.9505768787738157,10
ppr_minus_appnp,ele-computers,2.0,6.9104665825977305,0.8425879719145793,10
ppr_minus_appnp,ele-photo,0.0,2.565215893035597,0.5852894939198793,10
ppr_minus_appnp,ele-photo,0.5,2.915905670997164,0.28800943256465045,10
ppr_minus_appnp,ele-photo,1.0,3.324488553476457,0.4551862064863717,10
ppr_minus_appnp,ele-photo,1.5,4.138208300308994,0.702380398992633,10
ppr_minus_appnp,ele-photo,2.0,5.032220269478618,0.7493570078389971,10
ppr_minus_appnp,ogbn-arxiv,0.0,-0.1399090591115796,0.10787586551379806,1
ppr_minus_appnp,ogbn-arxiv,0.5,0.5004263568549746,0.8939385394113546,1
ppr_minus_appnp,ogbn-arxiv,1.0,4.63574493572642,1.3646355285743248,1
ppr_minus_appnp,ogbn-arxiv,1.5,6.743296595774837,1.9396429364369183,1
ppr_minus_appnp,ogbn-arxiv,2.0,6.57435412080187,1.7103617151925685,1
ppr_minus_appnp,ogbn-products,0.0,0.7396743589245395,0.21311070267559237,1
ppr_minus_appnp,ogbn-products,0.5,0.8286399228750915,1.3532599144106068,1
ppr_minus_appnp,ogbn-products,1.0,-1.2507644536783873,0.3416943972376815,1
ppr_minus_appnp,ogbn-products,1.5,-1.369251322145261,0.23254218080374658,1
ppr_minus_appnp,ogbn-products,2.0,-1.3039429668479277,0.22036720593777456,1
ppr_minus_appnp,pubmed-tag,0.0,0.600912778904665,0.5022153868661902,10
ppr_minus_appnp,pubmed-tag,0.5,0.5800653594771243,0.5919057313718721,10
ppr_minus_appnp,pubmed-tag,1.0,0.7792427315753876,0.6690895737201854,10
ppr_minus_appnp,pubmed-tag,1.5,1.1074487266170838,0.904543657595296,10
ppr_minus_appnp,pubmed-tag,2.0,1.3491661032228985,1.2505824866997959,10
ppr_minus_appnp,roman-empire,0.0,-0.10662548716817488,0.1416274584888566,10
ppr_minus_appnp,roman-empire,0.5,0.03505159693114675,0.05355348128212361,10
ppr_minus_appnp,roman-empire,1.0,-0.0058827854989337534,0.04600526603520975,10
ppr_minus_appnp,roman-empire,1.5,-0.008824178248400693,0.03202599754554814,10
ppr_minus_appnp,roman-empire,2.0,-1.231653667943533e-16,0.04399967977330458,10
ppr_minus_appnp,tape-arxiv23,0.0,0.14864523577587868,0.11568788589019866,10
ppr_minus_appnp,tape-arxiv23,0.5,-0.016716575867998924,0.10791035733683146,10
ppr_minus_appnp,tape-arxiv23,1.0,-0.033312888600256496,0.07777026443129065,10
ppr_minus_appnp,tape-arxiv23,1.5,0.9991461317362388,0.3179851714859742,10
ppr_minus_appnp,tape-arxiv23,2.0,2.6370097773929357,0.27555340821989205,10
ppr_minus_appnp,wikics,0.0,0.4600649905934655,0.5618946334948319,10
ppr_minus_appnp,wikics,0.5,0.36029872869277735,0.4533460976647672,10
ppr_minus_appnp,wikics,1.0,0.35972863576763026,0.5468455127056336,10
ppr_minus_appnp,wikics,1.5,0.9030271934325297,0.6646019531962087,10
ppr_minus_appnp,wikics,2.0,1.011344849210421,1.5888099284414698,10
pts_minus_ppr,amazon-ratings,0.0,-0.026536027760768098,0.15323772128528046,10
pts_minus_ppr,amazon-ratings,0.5,-0.07030913338322978,0.07769657557128642,10
pts_minus_ppr,amazon-ratings,1.0,0.0038556621532737103,0.03961749122979183,10
pts_minus_ppr,amazon-ratings,1.5,-0.012701004740196229,0.06481630704153342,10
pts_minus_ppr,amazon-ratings,2.0,-0.021319543671044182,0.0664448268423722,10
pts_minus_ppr,books-history,0.0,0.008022462896110449,0.18152761330099876,10
pts_minus_ppr,books-history,0.5,0.01818424923118036,0.08646937642053798,10
pts_minus_ppr,books-history,1.0,0.06070330258055873,0.0960778812881086,10
pts_minus_ppr,books-history,1.5,0.10094932477604057,0.19007330147524812,10
pts_minus_ppr,books-history,2.0,0.2335873779917103,0.1919170757033559,10
pts_minus_ppr,cora-tag,0.0,1.3185459026494128,0.8488970157204369,10
pts_minus_ppr,cora-tag,0.5,1.0330663380570957,0.5881256137669139,10
pts_minus_ppr,cora-tag,1.0,1.0412815773259392,0.5483710672676296,10
pts_minus_ppr,cora-tag,1.5,1.6882316697473811,0.7565284345070753,10
pts_minus_ppr,cora-tag,2.0,1.8278907373177238,0.6504091395365854,10
pts_minus_ppr,ele-computers,0.0,1.4026137796629587,0.40295951497727733,10
pts_minus_ppr,ele-computers,0.5,1.3058708140675352,0.2738293632542539,10
pts_minus_ppr,ele-computers,1.0,1.8646744876253076,0.5408435683281257,10
pts_minus_ppr,ele-computers,1.5,2.284000152852612,0.6077245499146253,10
pts_minus_ppr,ele-computers,2.0,2.7162546015005025,0.6417114337363534,10
pts_minus_ppr,ele-photo,0.0,0.478307315896482,0.6258775971911236,10
pts_minus_ppr,ele-photo,0.5,0.1533478066094624,0.2532198841189076,10
pts_minus_ppr,ele-photo,1.0,0.15897630288202014,0.2410414253870345,10
pts_minus_ppr,ele-photo,1.5,0.5775526379268754,0.47504859395881943,10
pts_minus_ppr,ele-photo,2.0,0.4242048313174127,0.40946097870328096,10
pts_minus_ppr,ogbn-arxiv,0.0,0.5994143022721535,0.4079136042893994,1
pts_minus_ppr,ogbn-arxiv,0.5,0.8975211863922435,0.28391031150840534,1
pts_minus_ppr,ogbn-arxiv,1.0,0.3109090202479477,0.2254202264325266,1
pts_minus_ppr,ogbn-arxiv,1.5,1.6942255507776152,1.6472833877980566,1
pts_minus_ppr,ogbn-arxiv,2.0,0.18220183024824768,0.2211872055432636,1
pts_minus_ppr,ogbn-products,0.0,0.8450322798896792,0.17827705014296336,1
pts_minus_ppr,ogbn-products,0.5,-0.5405712342300139,0.5044803791526002,1
pts_minus_ppr,ogbn-products,1.0,0.02238196862819095,0.06246134027560236,1
pts_minus_ppr,ogbn-products,1.5,0.07036915035727577,0.07623135932761337,1
pts_minus_ppr,ogbn-products,2.0,0.0948999486339339,0.15404132092587525,1
pts_minus_ppr,pubmed-tag,0.0,0.22903989181879636,0.18625417631616523,10
pts_minus_ppr,pubmed-tag,0.5,0.2214334009465851,0.16140694465624833,10
pts_minus_ppr,pubmed-tag,1.0,0.29101870633310856,0.2150663625326319,10
pts_minus_ppr,pubmed-tag,1.5,0.37835249042145586,0.22410636985511392,10
pts_minus_ppr,pubmed-tag,2.0,0.5062542258282623,0.26802283648415126,10
pts_minus_ppr,roman-empire,0.0,-0.005882785498933692,0.013778924256739699,10
pts_minus_ppr,roman-empire,0.5,-0.006863249748755915,0.03318484861231657,10
pts_minus_ppr,roman-empire,1.0,-0.004902321249111471,0.017561900188906618,10
pts_minus_ppr,roman-empire,1.5,0.0017158124371891934,0.02108726392386019,10
pts_minus_ppr,roman-empire,2.0,-0.006863249748755849,0.034506367920186506,10
pts_minus_ppr,tape-arxiv23,0.0,0.03932604538730715,0.05320063794368568,10
pts_minus_ppr,tape-arxiv23,0.5,0.00781710382316447,0.044586655390594206,10
pts_minus_ppr,tape-arxiv23,1.0,0.004930788565381043,0.033349747938741216,10
pts_minus_ppr,tape-arxiv23,1.5,0.02465394282690504,0.03720714154170249,10
pts_minus_ppr,tape-arxiv23,2.0,0.6505033012230759,0.37169435871341266,10
pts_minus_ppr,wikics,0.0,0.18299982897212314,0.33230381412949384,10
pts_minus_ppr,wikics,0.5,0.13017121790851893,0.3239447577170377,10
pts_minus_ppr,wikics,1.0,0.44999334891587306,0.28047982534624605,10
pts_minus_ppr,wikics,1.5,1.2863196701062274,0.543265917381856,10
pts_minus_ppr,wikics,2.0,3.1651559204150272,0.9124641123042646,10
pts_minus_eta0,amazon-ratings,0.0,0.09117506974212393,0.176301004576346,10
pts_minus_eta0,amazon-ratings,0.5,0.08822662221315028,0.10914601120354893,10
pts_minus_eta0,amazon-ratings,1.0,0.012927808396271325,0.05180807604550407,10
pts_minus_eta0,amazon-ratings,1.5,0.043092694654237956,0.07715029358559296,10
pts_minus_eta0,amazon-ratings,2.0,0.08527817468417623,0.10791236496669498,10
pts_minus_eta0,books-history,0.0,0.17529081427998397,0.15187513206887826,10
pts_minus_eta0,books-history,0.5,0.19240540179168292,0.07868824930077958,10
pts_minus_eta0,books-history,1.0,0.32089851584436374,0.16412860284056344,10
pts_minus_eta0,books-history,1.5,0.6811070998796641,0.3484489066417348,10
pts_minus_eta0,books-history,2.0,2.0231314346837808,1.2162368530556362,10
pts_minus_eta0,cora-tag,0.0,5.021565003080714,3.4428432431861493,10
pts_minus_eta0,cora-tag,0.5,4.479359211337029,2.602779351136506,10
pts_minus_eta0,cora-tag,1.0,5.202300266995276,1.6354153408181038,10
pts_minus_eta0,cora-tag,1.5,6.6317518997740805,1.7660760921086809,10
pts_minus_eta0,cora-tag,2.0,7.469706305196138,2.492107309596967,10
pts_minus_eta0,ele-computers,0.0,5.012801406244029,1.0408391984705143,10
pts_minus_eta0,ele-computers,0.5,4.965034965034965,1.5114488318568962,10
pts_minus_eta0,ele-computers,1.0,7.022558497968335,2.315427806222402,10
pts_minus_eta0,ele-computers,1.5,9.081992688550065,3.1512284110472213,10
pts_minus_eta0,ele-computers,2.0,11.435604468391352,3.904480676422431,10
pts_minus_eta0,ele-photo,0.0,0.8969985182122056,0.6224238644890038,10
pts_minus_eta0,ele-photo,0.5,0.9372020630161849,0.4941911194148776,10
pts_minus_eta0,ele-photo,1.0,0.8357742628392894,0.6224172104608506,10
pts_minus_eta0,ele-photo,1.5,1.922533512526276,1.6026317646477974,10
pts_minus_eta0,ele-photo,2.0,1.8808366932010063,0.8616015591134126,10
pts_minus_eta0,ogbn-arxiv,0.0,2.008792324204959,1.1968245685947918,1
pts_minus_eta0,ogbn-arxiv,0.5,2.4760702928717273,1.698373234052955,1
pts_minus_eta0,ogbn-arxiv,1.0,4.443255674661142,2.207529034287077,1
pts_minus_eta0,ogbn-arxiv,1.5,2.006506228467834,1.118388888520293,1
pts_minus_eta0,ogbn-arxiv,2.0,0.6679971743856687,1.0867077279805155,1
pts_minus_eta0,ogbn-products,0.0,4.970318286354547,0.23975088381920068,1
pts_minus_eta0,ogbn-products,0.5,3.7376933689376326,1.828037355628312,1
pts_minus_eta0,ogbn-products,1.0,0.0,0.0,1
pts_minus_eta0,ogbn-products,1.5,0.00045185670178058166,0.001355570105341745,1
pts_minus_eta0,ogbn-products,2.0,0.0008585277333827968,0.0025755832001483903,1
pts_minus_eta0,pubmed-tag,0.0,0.567951318458418,0.4114258525586522,10
pts_minus_eta0,pubmed-tag,0.5,0.6944444444444442,0.2643527875621985,10
pts_minus_eta0,pubmed-tag,1.0,1.100123957629029,0.5785074270303049,10
pts_minus_eta0,pubmed-tag,1.5,2.24194275411314,0.8407528015291429,10
pts_minus_eta0,pubmed-tag,2.0,3.928611674554881,1.7104544150317285,10
pts_minus_eta0,roman-empire,0.0,-0.0014706963747335156,0.0046507502907104205,10
pts_minus_eta0,roman-empire,0.5,-0.003186508811922186,0.020671616072820635,10
pts_minus_eta0,roman-empire,1.0,-0.0017158124371888545,0.009028349206435924,10
pts_minus_eta0,roman-empire,1.5,-0.0026962766870113216,0.014907589121779634,10
pts_minus_eta0,roman-empire,2.0,-0.00612790156138934,0.02031984396801392,10
pts_minus_eta0,tape-arxiv23,0.0,0.23776021935996,0.11271998817921357,10
pts_minus_eta0,tape-arxiv23,0.5,0.19987733160154414,0.0894302855836973,10
pts_minus_eta0,tape-arxiv23,1.0,0.10691392767375012,0.0827545736542632,10
pts_minus_eta0,tape-arxiv23,1.5,0.32771704489422854,0.21183710247328763,10
pts_minus_eta0,tape-arxiv23,2.0,2.0085146300104624,0.671211115664887,10
pts_minus_eta0,wikics,0.0,0.755373125819508,0.49248645417284087,10
pts_minus_eta0,wikics,0.5,1.2785284001292212,0.4295006466470891,10
pts_minus_eta0,wikics,1.0,2.867187351538301,1.371769130321966,10
pts_minus_eta0,wikics,1.5,7.720388423312999,5.068981900049674,10
pts_minus_eta0,wikics,2.0,18.340079432947572,9.139811814420584,10
pts_minus_appnp_newdraw,amazon-ratings,0.5,0.9997505159783178,0.2410044245791019,10
pts_minus_appnp_newdraw,amazon-ratings,1.0,0.10455648545054556,0.14602860243798396,10
pts_minus_appnp_newdraw,amazon-ratings,1.5,0.03674219228413952,0.14180136694084067,10
pts_minus_appnp_newdraw,amazon-ratings,2.0,0.013154612052346281,0.06294953531371589,10
pts_minus_appnp_newdraw,books-history,0.5,0.2734991308998525,0.09929464663556108,10
pts_minus_appnp_newdraw,books-history,1.0,0.3666934082096538,0.15283618125844742,10
pts_minus_appnp_newdraw,books-history,1.5,0.6171948121406601,0.3408044445683495,10
pts_minus_appnp_newdraw,books-history,2.0,0.9646343093996524,0.5915571636044952,10
pts_minus_appnp_newdraw,cora-tag,0.5,3.012939001848429,0.837893997073537,10
pts_minus_appnp_newdraw,cora-tag,1.0,3.2224276032039443,1.251895876349306,10
pts_minus_appnp_newdraw,cora-tag,1.5,3.2778804682686387,1.5423703026144018,10
pts_minus_appnp_newdraw,cora-tag,2.0,3.443212158554118,2.065529023266536,10
pts_minus_appnp_newdraw,ele-computers,0.5,5.059389608569937,0.8801278418533632,10
pts_minus_appnp_newdraw,ele-computers,1.0,5.772064911409174,1.0384598783406873,10
pts_minus_appnp_newdraw,ele-computers,1.5,7.25954373495357,0.9168957570479646,10
pts_minus_appnp_newdraw,ele-computers,2.0,9.351427261263327,1.0284060157106334,10
pts_minus_appnp_newdraw,ele-photo,0.5,3.0096373640258682,0.30212249259084306,10
pts_minus_appnp_newdraw,ele-photo,1.0,3.453829100474402,0.4123361004218959,10
pts_minus_appnp_newdraw,ele-photo,1.5,4.682391996048566,0.6223006209336951,10
pts_minus_appnp_newdraw,ele-photo,2.0,5.288776318963437,1.0785549869694704,10
pts_minus_appnp_newdraw,ogbn-arxiv,0.5,1.4122356416041981,0.7892788187827477,1
pts_minus_appnp_newdraw,ogbn-arxiv,1.0,4.941738850139566,1.4130018798885104,1
pts_minus_appnp_newdraw,ogbn-arxiv,1.5,8.385170554172467,0.5451569734568531,1
pts_minus_appnp_newdraw,ogbn-arxiv,2.0,6.716320666076855,1.6326369100051223,1
pts_minus_appnp_newdraw,ogbn-products,0.5,0.28600520970694776,1.28577928718131,1
pts_minus_appnp_newdraw,ogbn-products,1.0,-1.2300418032717333,0.33738905238435235,1
pts_minus_appnp_newdraw,ogbn-products,1.5,-1.2931887773455515,0.23805303227148883,1
pts_minus_appnp_newdraw,ogbn-products,2.0,-1.2092413330997738,0.16726145774507942,1
pts_minus_appnp_newdraw,pubmed-tag,0.5,0.7872718052738338,0.7085815510669176,10
pts_minus_appnp_newdraw,pubmed-tag,1.0,1.026735406806401,0.8660522168703747,10
pts_minus_appnp_newdraw,pubmed-tag,1.5,1.4528397565922921,1.1604656780693439,10
pts_minus_appnp_newdraw,pubmed-tag,2.0,1.7673822402524237,1.4889738291905628,10
pts_minus_appnp_newdraw,roman-empire,0.5,0.00698580777998392,0.04459888833252869,10
pts_minus_appnp_newdraw,roman-empire,1.0,-0.002083486530872357,0.04643226209139894,10
pts_minus_appnp_newdraw,roman-empire,1.5,-0.009804642498222946,0.034616467165583885,10
pts_minus_appnp_newdraw,roman-empire,2.0,-0.012991151310145329,0.03580708597656724,10
pts_minus_appnp_newdraw,tape-arxiv23,0.5,-0.0004810525429640083,0.08479607689451642,10
pts_minus_appnp_newdraw,tape-arxiv23,1.0,-0.026578152998761196,0.08869663316795419,10
pts_minus_appnp_newdraw,tape-arxiv23,1.5,1.0070233671272741,0.3585840844918941,10
pts_minus_appnp_newdraw,tape-arxiv23,2.0,2.572067684092795,0.5273544368362443,10
pts_minus_appnp_newdraw,wikics,0.5,0.375976284134314,0.37311540053839776,10
pts_minus_appnp_newdraw,wikics,1.0,0.7526176766812992,0.5593082635571096,10
pts_minus_appnp_newdraw,wikics,1.5,2.0536647473538183,0.9748369022821045,10
pts_minus_appnp_newdraw,wikics,2.0,3.2702430496170876,1.4864551973131597,10
pts_minus_appnp_cleansel,amazon-ratings,0.0,1.1165543988569095,0.34748289042248265,10
pts_minus_appnp_cleansel,amazon-ratings,0.5,0.8979156744006718,0.2644583148169163,10
pts_minus_appnp_cleansel,amazon-ratings,1.0,0.11680388287859222,0.20342839647599117,10
pts_minus_appnp_cleansel,amazon-ratings,1.5,0.21092740014969014,0.14859438285087256,10
pts_minus_appnp_cleansel,amazon-ratings,2.0,0.24789639608990505,0.2579033385125751,10
pts_minus_appnp_cleansel,books-history,0.0,0.28600080224629043,0.22639721006155783,10
pts_minus_appnp_cleansel,books-history,0.5,0.2880064179703168,0.2024701569248229,10
pts_minus_appnp_cleansel,books-history,1.0,0.32745019387618635,0.3354683964068661,10
pts_minus_appnp_cleansel,books-history,1.5,0.2418772563176897,0.6359293013561167,10
pts_minus_appnp_cleansel,books-history,2.0,0.0028078620136391397,0.9499858550138809,10
pts_minus_appnp_cleansel,cora-tag,0.0,3.579790511398643,1.230384649574458,10
pts_minus_appnp_cleansel,cora-tag,0.5,3.2840418977202708,1.438398559353248,10
pts_minus_appnp_cleansel,cora-tag,1.0,3.2059971246662564,1.7835051835291071,10
pts_minus_appnp_cleansel,cora-tag,1.5,3.0745532963647566,2.442068253404488,10
pts_minus_appnp_cleansel,cora-tag,2.0,2.9944547134935293,2.5203778955898137,10
pts_minus_appnp_cleansel,ele-computers,0.0,4.744162940884252,0.9612243307806139,10
pts_minus_appnp_cleansel,ele-computers,0.5,4.812564484695633,0.9510052093572187,10
pts_minus_appnp_cleansel,ele-computers,1.0,5.41652336734304,1.1983644217677674,10
pts_minus_appnp_cleansel,ele-computers,1.5,6.187410039869056,1.2248148983910492,10
pts_minus_appnp_cleansel,ele-computers,2.0,7.0074006139579925,1.3169680770174643,10
pts_minus_appnp_cleansel,ele-photo,0.0,3.043523208932079,0.6331443958324438,10
pts_minus_appnp_cleansel,ele-photo,0.5,3.067760203085336,0.8127701685187831,10
pts_minus_appnp_cleansel,ele-photo,1.0,3.2736023524817064,1.0091120727153196,10
pts_minus_appnp_cleansel,ele-photo,1.5,3.462214411247804,1.2653421626945536,10
pts_minus_appnp_cleansel,ele-photo,2.0,3.4858770690467162,1.435172667424906,10
pts_minus_appnp_cleansel,ogbn-arxiv,0.0,0.45950524316057395,0.5062182582368485,1
pts_minus_appnp_cleansel,ogbn-arxiv,0.5,0.9478152926088262,0.5352391185080264,1
pts_minus_appnp_cleansel,ogbn-arxiv,1.0,4.991004213274444,0.32173317411114827,1
pts_minus_appnp_cleansel,ogbn-arxiv,1.5,6.499370180624427,3.232395144152664,1
pts_minus_appnp_cleansel,ogbn-arxiv,2.0,4.383588575922382,4.138710529373459,1
pts_minus_appnp_cleansel,ogbn-products,0.0,1.5847066388142188,0.2379496440528773,1
pts_minus_appnp_cleansel,ogbn-products,0.5,-0.8810653415416622,0.818092333976144,1
pts_minus_appnp_cleansel,ogbn-products,1.0,-4.980078391113001,0.32554904712885613,1
pts_minus_appnp_cleansel,ogbn-products,1.5,-1.9280122989369468,0.4525024011627441,1
pts_minus_appnp_cleansel,ogbn-products,2.0,-1.5201262748697528,0.2886891628527884,1
pts_minus_appnp_cleansel,pubmed-tag,0.0,0.8299526707234612,0.6363273594388227,10
pts_minus_appnp_cleansel,pubmed-tag,0.5,0.8243182330403416,0.6780408423944245,10
pts_minus_appnp_cleansel,pubmed-tag,1.0,0.6871196754563897,0.9500963049212748,10
pts_minus_appnp_cleansel,pubmed-tag,1.5,0.45469912102772136,1.3971551166909872,10
pts_minus_appnp_cleansel,pubmed-tag,2.0,0.14705882352941244,1.6799596662697582,10
pts_minus_appnp_cleansel,roman-empire,0.0,-0.11250827266710857,0.13448140364017502,10
pts_minus_appnp_cleansel,roman-empire,0.5,0.032110204181679966,0.09383282775825552,10
pts_minus_appnp_cleansel,roman-empire,1.0,0.19266122509007994,0.23183366929113386,10
pts_minus_appnp_cleansel,roman-empire,1.5,0.21717283133563736,0.25441793072165364,10
pts_minus_appnp_cleansel,roman-empire,2.0,0.17158124371890093,0.173400245375981,10
pts_minus_appnp_cleansel,tape-arxiv23,0.0,0.1879712811631858,0.09941114040286399,10
pts_minus_appnp_cleansel,tape-arxiv23,0.5,0.04509867590287598,0.14707137479095855,10
pts_minus_appnp_cleansel,tape-arxiv23,1.0,0.018640786039855556,0.31681430573085506,10
pts_minus_appnp_cleansel,tape-arxiv23,1.5,0.1272383976139792,0.6100453640174058,10
pts_minus_appnp_cleansel,tape-arxiv23,2.0,-0.03872472970860232,0.7537152537274941,10
pts_minus_appnp_cleansel,wikics,0.0,0.6430648195655885,0.5031681481987285,10
pts_minus_appnp_cleansel,wikics,0.5,0.7888185774281212,0.7667913760522169,10
pts_minus_appnp_cleansel,wikics,1.0,1.39292704710868,1.368591009251613,10
pts_minus_appnp_cleansel,wikics,1.5,2.7392965053303695,2.114205647560686,10
pts_minus_appnp_cleansel,wikics,2.0,4.031887197613211,2.7142199625935843,10
