dataset,system,K_sel,eta,per_step_sel,per_step_K100,rel_diff_pct,overhead_steps
wikics,appnp,2,,1.604771998245269,1.0031351097859442,59.9756585718255,1.1995131714365102
wikics,ppr,3,,2.4886276805773377,2.024537760298699,22.923253365754313,0.6876976009726294
wikics,potts,8,34.68417445875164,4.7811351250857115,4.715115759754553,1.400164252480507,0.11201314019844076
cora-tag,appnp,5,,0.12858901172876358,0.08808300015516579,45.986185191515915,2.2993092595757956
cora-tag,ppr,6,,0.5185134941712022,0.4359582008328289,18.93651574409303,1.1361909446455811
cora-tag,potts,38,1.4633302170074627,1.3208483946264575,1.312441200716421,0.6405768049225546,0.2434191858705699
pubmed-tag,appnp,5,,0.40290700271725655,0.17666762927547097,128.0593249423296,6.402966247116479
pubmed-tag,ppr,8,,1.2982676271349192,0.8983201300725341,44.52171154509157,3.5617369236073264
pubmed-tag,potts,24,1.605620089233751,3.1288872075189524,3.0758429202251136,1.724544740079148,0.4138907376189947
tape-arxiv23,appnp,3,,7.8773733306055265,5.447191910352558,44.613471679496605,1.3384041503848982
tape-arxiv23,ppr,9,,12.904340659992563,12.111179770436138,6.548997740852314,0.5894097966767078
tape-arxiv23,potts,29,0.6284353081092439,30.148355482981124,30.681592510081828,-1.737970501125341,-0.5040114453263494
ogbn-arxiv,appnp,1,,1.423437031917274,0.9001472708769143,58.13379409911184,0.5813379409911182
ogbn-arxiv,ppr,2,,2.3324310313910246,1.6893534292466938,38.06649283750458,0.7613298567500917
ogbn-arxiv,potts,2,0.0,2.330240502487868,1.6893534292466938,37.93682613394609,0.7587365226789218
ogbn-products,appnp,2,,32.32174151344225,30.718065509572625,5.22062824356524,0.10441256487130492
ogbn-products,ppr,2,,41.4154069731012,36.69207304017618,12.87290017043512,0.25745800340870223
ogbn-products,potts,2,0.0,41.410396981518716,36.69207304017618,12.859246018005521,0.25718492036011037
ele-photo,appnp,1,,4.003535024821758,1.9839139597024769,101.79983135065794,1.0179983135065793
ele-photo,ppr,2,,5.418213026132435,3.8666731806006283,40.12596289016592,0.8025192578033183
ele-photo,potts,3,8.728322895483569,10.345468336405853,9.729742690688,6.32828292887071,0.1898484878661213
ele-computers,appnp,3,,5.0068713414172334,4.033567070728168,24.130112469243215,0.723903374077296
ele-computers,ppr,4,,8.507407997967675,6.5537092997692525,29.810579151980534,1.1924231660792217
ele-computers,potts,12,23.24761764097326,15.934869336585203,15.643942028982565,1.8596802970993753,0.22316163565192657
books-history,appnp,2,,2.9850259888917208,1.9815285399090499,50.64259377403317,1.0128518754806635
books-history,ppr,3,,4.455554667705049,3.2902268698671833,35.41785548316631,1.0625356644949897
books-history,potts,14,4.769428812169465,9.499652003536799,9.187465010327287,3.3979666084017035,0.47571532517623966
roman-empire,appnp,52,,0.4798422518293731,0.40782376076094806,17.659219005299633,9.182793882755814
roman-empire,ppr,42,,1.6275635460347293,1.6437669203151017,-0.9857464632069823,-0.414013514546935
roman-empire,potts,63,0.11394222863031603,5.577378762176349,5.608957909280434,-0.5630127309715571,-0.3546980205120841
amazon-ratings,appnp,47,,0.3026280418395045,0.2777521207462996,8.956158831970429,4.209394651026099
amazon-ratings,ppr,44,,0.9465773632241921,0.9271368500776589,2.096833185403524,0.9226066015775476
amazon-ratings,potts,47,0.0,0.9595903399539121,0.9271368500776589,3.500399091410822,1.6451875729630807
