dataset,system,sigma_test,n,alpha_median,K_median,K_max,eta_median,eta_p25,eta_p75,identity_fraction,method
amazon-ratings,appnp,0.0,30,0.5463349775180328,40.5,90.0,,,,,APPNP
amazon-ratings,appnp,0.5,90,0.3952624098801263,54.0,100.0,,,,,APPNP
amazon-ratings,appnp,1.0,90,0.34850999867661037,32.5,100.0,,,,,APPNP
amazon-ratings,appnp,1.5,90,0.2940250320128025,51.0,100.0,,,,,APPNP
amazon-ratings,appnp,2.0,90,0.17549125944148805,47.0,98.0,,,,,APPNP
amazon-ratings,coupled,0.0,30,,38.0,93.0,4.33850110383494,3.597924030914985,5.192688881139635,0.0,Coupled Potts solver
amazon-ratings,coupled,0.5,90,,3.0,100.0,14.663916700817873,8.638236705095354,46.92730856705906,0.0,Coupled Potts solver
amazon-ratings,coupled,1.0,90,,2.0,98.0,16.299937620079415,9.591970017318761,49.17131108114809,0.0,Coupled Potts solver
amazon-ratings,coupled,1.5,90,,19.0,98.0,25.451798934414818,12.932981835990127,86.0246395934945,0.0,Coupled Potts solver
amazon-ratings,coupled,2.0,90,,39.5,100.0,40.30335294719622,20.789158248105764,107.76594729305961,0.0,Coupled Potts solver
amazon-ratings,graphtv,0.0,30,,,,1.7782794100389228,1.7782794100389228,1.7782794100389228,0.0,Graph-TV
amazon-ratings,graphtv,2.0,90,,,,10.0,5.623413251903491,17.78279410038923,0.0,Graph-TV
amazon-ratings,lame,0.0,30,,21.5,97.0,4.22906889913677,3.635910136497814,5.135287118305932,0.0,LAME (tuned)
amazon-ratings,lame,2.0,90,,45.5,100.0,37.303084299590054,23.724098748226538,102.28960666704812,0.0,LAME (tuned)
amazon-ratings,lame_default,0.0,30,,100.0,100.0,1.0,1.0,1.0,0.0,LAME (published defaults)
amazon-ratings,lame_default,2.0,90,,61.0,100.0,1.0,1.0,1.0,0.0,LAME (published defaults)
amazon-ratings,potts,0.0,30,0.26345407371295304,36.0,96.0,0.0,0.0,0.05281832688251355,0.7,PtS
amazon-ratings,potts,0.5,90,0.1722819754852123,4.5,94.0,0.0,0.0,0.015368640256412575,0.7333333333333333,PtS
amazon-ratings,potts,1.0,90,0.17934972202699329,45.0,100.0,0.0,0.0,0.0,0.8777777777777778,PtS
amazon-ratings,potts,1.5,90,0.2115958216429707,56.0,100.0,0.0,0.0,0.05593823256270289,0.6555555555555556,PtS
amazon-ratings,potts,2.0,90,0.19691508548149525,47.0,100.0,0.0,0.0,2.931373650255227,0.5666666666666667,PtS
amazon-ratings,potts_norm,0.0,30,0.22227633510467953,47.0,100.0,0.0,0.0,0.0,0.8333333333333334,PtS without mass preservation
amazon-ratings,potts_norm,2.0,90,0.140811927162117,52.0,100.0,0.0,0.0,3.819709892387981,0.5444444444444444,PtS without mass preservation
amazon-ratings,ppr,0.0,30,0.26214149053053754,8.0,100.0,,,,,PPR-Prob
amazon-ratings,ppr,0.5,90,0.15415593325407778,3.0,100.0,,,,,PPR-Prob
amazon-ratings,ppr,1.0,90,0.18057516992835868,36.0,100.0,,,,,PPR-Prob
amazon-ratings,ppr,1.5,90,0.19117149237313302,45.0,100.0,,,,,PPR-Prob
amazon-ratings,ppr,2.0,90,0.1759204619205723,44.0,99.0,,,,,PPR-Prob
amazon-ratings,ppr_norm,0.0,30,0.22128571626757515,54.5,88.0,,,,,"PPR-Prob, renormalised each step"
amazon-ratings,ppr_norm,2.0,90,0.12292804275325138,40.5,98.0,,,,,"PPR-Prob, renormalised each step"
books-history,appnp,0.0,30,0.42377833736502213,1.0,97.0,,,,,APPNP
books-history,appnp,0.5,90,0.30438520319945755,1.0,98.0,,,,,APPNP
books-history,appnp,1.0,90,0.1830654999108709,1.0,96.0,,,,,APPNP
books-history,appnp,1.5,90,0.10453716782413258,2.0,93.0,,,,,APPNP
books-history,appnp,2.0,90,0.06303885266474606,2.0,89.0,,,,,APPNP
books-history,coupled,0.0,30,,19.5,94.0,4.515863293115192,3.653176510136887,8.47307171134637,0.0,Coupled Potts solver
books-history,coupled,0.5,90,,17.5,97.0,5.656537104357502,3.8617628772928203,13.913453547550978,0.0,Coupled Potts solver
books-history,coupled,1.0,90,,26.0,97.0,8.397761419760613,5.723785690695978,16.355177731348945,0.0,Coupled Potts solver
books-history,coupled,1.5,90,,19.5,99.0,14.976138765289559,9.120618859723097,25.994100963572407,0.0,Coupled Potts solver
books-history,coupled,2.0,90,,44.0,100.0,24.5459840676236,13.20086886081227,34.50719501400428,0.0,Coupled Potts solver
books-history,graphtv,0.0,30,,,,1.3891397050194614,1.0,1.7782794100389228,0.0,Graph-TV
books-history,graphtv,2.0,90,,,,5.623413251903491,3.1622776601683795,5.623413251903491,0.0,Graph-TV
books-history,lame,0.0,30,,10.0,94.0,4.761894254119845,3.546799228328271,14.695537413970799,0.0,LAME (tuned)
books-history,lame,2.0,90,,38.5,98.0,21.877613167847976,13.269445435418868,34.29545430672596,0.0,LAME (tuned)
books-history,lame_default,0.0,30,,73.5,100.0,1.0,1.0,1.0,0.0,LAME (published defaults)
books-history,lame_default,2.0,90,,93.0,100.0,1.0,1.0,1.0,0.0,LAME (published defaults)
books-history,potts,0.0,30,0.4235051773497204,41.0,100.0,3.367043547240738,0.052083963990200724,5.913155043930702,0.2,PtS
books-history,potts,0.5,90,0.33614388453331107,15.0,100.0,3.2633889165649492,0.7766369188361374,6.711165963521324,0.13333333333333333,PtS
books-history,potts,1.0,90,0.2423602401736369,5.0,100.0,3.8717841705344798,1.916612633248211,5.886542846996581,0.06666666666666667,PtS
books-history,potts,1.5,90,0.16143539455114791,8.5,99.0,3.6542772320691164,2.266976398281499,6.035102579889747,0.06666666666666667,PtS
books-history,potts,2.0,90,0.08703526038403689,13.5,100.0,4.769428812169465,3.190465541160752,9.838997506289662,0.022222222222222223,PtS
books-history,potts_norm,0.0,30,0.40963310153746013,57.0,98.0,2.6086190773954807,0.29470708962509246,5.555469236949975,0.2,PtS without mass preservation
books-history,potts_norm,2.0,90,0.10349141350010987,45.0,99.0,1.1106172156786869,0.7843861307428506,1.5497302961652024,0.1,PtS without mass preservation
books-history,ppr,0.0,30,0.18446340517041496,1.0,97.0,,,,,PPR-Prob
books-history,ppr,0.5,90,0.14990159386541566,1.0,97.0,,,,,PPR-Prob
books-history,ppr,1.0,90,0.09267721636886533,2.0,99.0,,,,,PPR-Prob
books-history,ppr,1.5,90,0.03525665623417859,3.0,89.0,,,,,PPR-Prob
books-history,ppr,2.0,90,0.006149433331821733,3.0,93.0,,,,,PPR-Prob
books-history,ppr_norm,0.0,30,0.2351352006693409,2.0,82.0,,,,,"PPR-Prob, renormalised each step"
books-history,ppr_norm,2.0,90,0.02089359017347184,5.0,88.0,,,,,"PPR-Prob, renormalised each step"
cora-tag,appnp,0.0,30,0.05823817497618266,3.0,83.0,,,,,APPNP
cora-tag,appnp,0.5,90,0.04973445993230566,3.0,90.0,,,,,APPNP
cora-tag,appnp,1.0,90,0.032249155452930646,4.0,92.0,,,,,APPNP
cora-tag,appnp,1.5,90,0.02751562922223562,4.0,95.0,,,,,APPNP
cora-tag,appnp,2.0,90,0.02199465461781493,5.0,98.0,,,,,APPNP
cora-tag,coupled,0.0,30,,50.5,100.0,54.19770843451663,18.42607395150639,98.1214227145266,0.0,Coupled Potts solver
cora-tag,coupled,0.5,90,,54.0,100.0,39.340035420763655,17.214807045439393,104.75221354954894,0.0,Coupled Potts solver
cora-tag,coupled,1.0,90,,56.0,100.0,47.25424420591039,22.864645336248092,118.314782679746,0.0,Coupled Potts solver
cora-tag,coupled,1.5,90,,64.0,100.0,55.16274166358849,31.440147758171975,124.73718119389628,0.0,Coupled Potts solver
cora-tag,coupled,2.0,90,,64.0,100.0,74.44133171804603,38.244584931680144,166.82318971319995,0.0,Coupled Potts solver
cora-tag,graphtv,0.0,30,,,,3.1622776601683795,3.1622776601683795,5.623413251903491,0.0,Graph-TV
cora-tag,graphtv,2.0,90,,,,10.0,5.623413251903491,10.0,0.0,Graph-TV
cora-tag,lame,0.0,30,,65.0,100.0,47.41341170943873,16.40442207509152,100.2759871281626,0.0,LAME (tuned)
cora-tag,lame,2.0,90,,62.0,100.0,75.83326716913041,40.02211860487124,134.88859760106365,0.0,LAME (tuned)
cora-tag,lame_default,0.0,30,,63.5,100.0,1.0,1.0,1.0,0.0,LAME (published defaults)
cora-tag,lame_default,2.0,90,,66.0,100.0,1.0,1.0,1.0,0.0,LAME (published defaults)
cora-tag,potts,0.0,30,0.12886844915460965,54.0,93.0,2.2352613935691177,0.8344654747127045,5.626448267172796,0.0,PtS
cora-tag,potts,0.5,90,0.12488832594887,38.5,98.0,1.7764638759799103,0.7640044340091157,4.49496358365789,0.05555555555555555,PtS
cora-tag,potts,1.0,90,0.10115034595237458,34.5,97.0,1.42456379480105,0.6724340095521363,3.7856833054461836,0.06666666666666667,PtS
cora-tag,potts,1.5,90,0.0849971803048914,33.5,98.0,1.3492990529569058,0.7686388503946904,2.9343530900887207,0.044444444444444446,PtS
cora-tag,potts,2.0,90,0.06131097961494342,38.5,97.0,1.4633302170074627,0.8818083704586943,3.3031939897764926,0.06666666666666667,PtS
cora-tag,potts_norm,0.0,30,0.07554038681896469,61.5,97.0,0.6494975990365124,0.09027061682186284,1.7793545870592493,0.26666666666666666,PtS without mass preservation
cora-tag,potts_norm,2.0,90,0.04847213122982252,42.0,100.0,0.8172944884585247,0.46360077497405505,1.4184576604289012,0.07777777777777778,PtS without mass preservation
cora-tag,ppr,0.0,30,0.06197122919654728,6.0,82.0,,,,,PPR-Prob
cora-tag,ppr,0.5,90,0.04045284752514853,6.0,100.0,,,,,PPR-Prob
cora-tag,ppr,1.0,90,0.026236215973724865,6.0,93.0,,,,,PPR-Prob
cora-tag,ppr,1.5,90,0.01731286578088937,7.0,95.0,,,,,PPR-Prob
cora-tag,ppr,2.0,90,0.006976104598357064,6.0,90.0,,,,,PPR-Prob
cora-tag,ppr_norm,0.0,30,0.03609229311323782,10.0,91.0,,,,,"PPR-Prob, renormalised each step"
cora-tag,ppr_norm,2.0,90,0.012649841480791403,10.0,71.0,,,,,"PPR-Prob, renormalised each step"
ele-computers,appnp,0.0,30,0.0050219119840823785,2.0,63.0,,,,,APPNP
ele-computers,appnp,0.5,90,0.004933553772133179,2.0,88.0,,,,,APPNP
ele-computers,appnp,1.0,90,0.0025865005907203375,2.0,97.0,,,,,APPNP
ele-computers,appnp,1.5,90,0.0007760051518808982,3.0,19.0,,,,,APPNP
ele-computers,appnp,2.0,90,0.0008286585400272271,3.0,67.0,,,,,APPNP
ele-computers,coupled,0.0,30,,12.0,96.0,12.958208773147152,9.794845972234098,18.669917449442682,0.0,Coupled Potts solver
ele-computers,coupled,0.5,90,,13.0,100.0,13.471047717854333,10.076546708026525,20.474080784091363,0.0,Coupled Potts solver
ele-computers,coupled,1.0,90,,14.5,95.0,16.83284910134751,11.639523612024856,28.812923188406515,0.0,Coupled Potts solver
ele-computers,coupled,1.5,90,,21.0,100.0,24.87293102476982,16.67946459915251,42.321389340224115,0.0,Coupled Potts solver
ele-computers,coupled,2.0,90,,16.5,94.0,46.99638592786799,25.866542007408626,107.63384590114875,0.0,Coupled Potts solver
ele-computers,graphtv,0.0,30,,,,3.1622776601683795,3.1622776601683795,5.008129353969713,0.0,Graph-TV
ele-computers,graphtv,2.0,90,,,,5.623413251903491,5.623413251903491,10.0,0.0,Graph-TV
ele-computers,lame,0.0,30,,18.0,98.0,12.283851754550124,9.781825162677126,18.254130769244554,0.0,LAME (tuned)
ele-computers,lame,2.0,90,,19.5,100.0,45.72882794446295,24.66545364690636,102.29692723645071,0.0,LAME (tuned)
ele-computers,lame_default,0.0,30,,100.0,100.0,1.0,1.0,1.0,0.0,LAME (published defaults)
ele-computers,lame_default,2.0,90,,100.0,100.0,1.0,1.0,1.0,0.0,LAME (published defaults)
ele-computers,potts,0.0,30,0.24146541995919682,10.0,78.0,6.1720171491359315,4.251720207530537,7.434925404357956,0.0,PtS
ele-computers,potts,0.5,90,0.10131862737570763,7.0,100.0,7.274406194399962,5.645268738749576,11.145759522056128,0.0,PtS
ele-computers,potts,1.0,90,0.029549365265197598,8.0,99.0,11.09864925667717,6.952661533564034,31.273955376327628,0.0,PtS
ele-computers,potts,1.5,90,0.014587128973064724,9.0,96.0,17.218258751980812,9.016094165808237,49.4971773615526,0.011111111111111112,PtS
ele-computers,potts,2.0,90,0.002500223220585498,12.0,100.0,23.24761764097326,11.3767986668175,54.01737598709558,0.0,PtS
ele-computers,potts_norm,0.0,30,0.15887342444540195,17.0,100.0,2.463853572084211,1.7437506557850244,3.1612480290446348,0.0,PtS without mass preservation
ele-computers,potts_norm,2.0,90,0.0012099409152312901,32.5,99.0,1.3624851536823142,1.1100817533623826,1.7074004407115897,0.022222222222222223,PtS without mass preservation
ele-computers,ppr,0.0,30,0.015155633174040997,3.0,83.0,,,,,PPR-Prob
ele-computers,ppr,0.5,90,0.004075542756394652,3.0,94.0,,,,,PPR-Prob
ele-computers,ppr,1.0,90,0.0011935496346098407,3.0,93.0,,,,,PPR-Prob
ele-computers,ppr,1.5,90,0.0005901128937958291,3.0,57.0,,,,,PPR-Prob
ele-computers,ppr,2.0,90,0.0003489438704380387,4.0,59.0,,,,,PPR-Prob
ele-computers,ppr_norm,0.0,30,0.0008553979183528323,4.0,6.0,,,,,"PPR-Prob, renormalised each step"
ele-computers,ppr_norm,2.0,90,0.0003107499395248013,7.0,11.0,,,,,"PPR-Prob, renormalised each step"
ele-photo,appnp,0.0,30,0.022373790291899828,1.0,31.0,,,,,APPNP
ele-photo,appnp,0.5,90,0.02097122569588185,1.0,98.0,,,,,APPNP
ele-photo,appnp,1.0,90,0.005526522561164036,1.0,92.0,,,,,APPNP
ele-photo,appnp,1.5,90,0.008292084590478643,1.0,97.0,,,,,APPNP
ele-photo,appnp,2.0,90,0.020553360546621043,1.0,97.0,,,,,APPNP
ele-photo,coupled,0.0,30,,1.0,58.0,222.34246455086992,121.19184470670262,253.92307787954758,0.0,Coupled Potts solver
ele-photo,coupled,0.5,90,,1.0,77.0,242.49233284442275,141.07738676734874,253.64251557135103,0.0,Coupled Potts solver
ele-photo,coupled,1.0,90,,1.0,49.0,207.23235225301187,153.3938261974021,251.0324876655302,0.0,Coupled Potts solver
ele-photo,coupled,1.5,90,,2.0,100.0,207.7158800394388,140.99600347988002,249.49498920869686,0.0,Coupled Potts solver
ele-photo,coupled,2.0,90,,2.0,99.0,245.64979306554352,164.2918067088604,253.74831922125304,0.0,Coupled Potts solver
ele-photo,graphtv,0.0,30,,,,1.7782794100389228,1.1945698525097308,1.7782794100389228,0.0,Graph-TV
ele-photo,graphtv,2.0,90,,,,3.1622776601683795,3.1622776601683795,3.1622776601683795,0.0,Graph-TV
ele-photo,lame,0.0,30,,1.0,96.0,244.4260399633057,198.57392066228425,253.6641853099773,0.0,LAME (tuned)
ele-photo,lame,2.0,90,,2.0,73.0,218.5544232093557,147.1008129875257,250.61861938021863,0.0,LAME (tuned)
ele-photo,lame_default,0.0,30,,100.0,100.0,1.0,1.0,1.0,0.0,LAME (published defaults)
ele-photo,lame_default,2.0,90,,66.0,100.0,1.0,1.0,1.0,0.0,LAME (published defaults)
ele-photo,potts,0.0,30,0.0337342144982187,1.0,86.0,1.6958273369513703,0.0,10.5368744799248,0.36666666666666664,PtS
ele-photo,potts,0.5,90,0.07117621786519435,1.0,98.0,6.590935068212415,0.057324510931957263,14.177674164276343,0.2222222222222222,PtS
ele-photo,potts,1.0,90,0.028229674375301314,2.0,93.0,7.799487340762719,0.03780195128732898,13.956197459223528,0.2222222222222222,PtS
ele-photo,potts,1.5,90,0.0037552167695866505,2.0,89.0,9.369041720099318,2.360355409536192,15.600743431309017,0.18888888888888888,PtS
ele-photo,potts,2.0,90,0.0028595746060817075,3.0,73.0,8.728322895483569,2.129988516692224,20.19125202463648,0.13333333333333333,PtS
ele-photo,potts_norm,0.0,30,0.029457076052634586,1.0,98.0,7.993026474316202,0.0,27.224603261429596,0.3333333333333333,PtS without mass preservation
ele-photo,potts_norm,2.0,90,0.001180610524856452,3.0,93.0,0.9424272225921051,0.024854569609426315,3.276553247331317,0.24444444444444444,PtS without mass preservation
ele-photo,ppr,0.0,30,0.017976788652071855,1.0,87.0,,,,,PPR-Prob
ele-photo,ppr,0.5,90,0.014334077018280378,1.0,92.0,,,,,PPR-Prob
ele-photo,ppr,1.0,90,0.0028492109250442613,1.0,63.0,,,,,PPR-Prob
ele-photo,ppr,1.5,90,0.001634350065444051,2.0,84.0,,,,,PPR-Prob
ele-photo,ppr,2.0,90,0.0014594157169998158,2.0,86.0,,,,,PPR-Prob
ele-photo,ppr_norm,0.0,30,0.015419932417617091,1.0,54.0,,,,,"PPR-Prob, renormalised each step"
ele-photo,ppr_norm,2.0,90,0.0009831311499554699,3.0,48.0,,,,,"PPR-Prob, renormalised each step"
ogbn-arxiv,appnp,0.0,3,0.12376631503979922,2.0,2.0,,,,,APPNP
ogbn-arxiv,appnp,0.5,9,0.08430656825033904,2.0,94.0,,,,,APPNP
ogbn-arxiv,appnp,1.0,9,0.026121535851195005,2.0,32.0,,,,,APPNP
ogbn-arxiv,appnp,1.5,9,0.033372270920695245,2.0,2.0,,,,,APPNP
ogbn-arxiv,appnp,2.0,9,0.026447848147612134,1.0,25.0,,,,,APPNP
ogbn-arxiv,coupled,0.0,3,,4.0,5.0,41.08922553515501,36.69484331126591,42.571338751869206,0.0,Coupled Potts solver
ogbn-arxiv,coupled,0.5,9,,5.0,38.0,29.198848927108706,27.646871566976614,32.93413862845266,0.0,Coupled Potts solver
ogbn-arxiv,coupled,1.0,9,,15.0,87.0,25.87955166763021,25.30428882633153,41.42520229063467,0.0,Coupled Potts solver
ogbn-arxiv,coupled,1.5,9,,4.0,7.0,71.7634218105815,50.197257449609154,113.59640210951893,0.0,Coupled Potts solver
ogbn-arxiv,coupled,2.0,9,,2.0,2.0,182.6281072454895,126.15260209902969,248.60166455816866,0.0,Coupled Potts solver
ogbn-arxiv,graphtv,0.0,3,,,,3.1622776601683795,3.1622776601683795,3.1622776601683795,0.0,Graph-TV
ogbn-arxiv,graphtv,2.0,9,,,,3.1622776601683795,3.1622776601683795,3.1622776601683795,0.0,Graph-TV
ogbn-arxiv,lame,0.0,3,,4.0,5.0,30.90580247193566,30.553869603802475,36.8144841256997,0.0,LAME (tuned)
ogbn-arxiv,lame,2.0,9,,2.0,2.0,209.45799162827447,156.10120951677644,253.75272106489695,0.0,LAME (tuned)
ogbn-arxiv,lame_default,0.0,3,,100.0,100.0,1.0,1.0,1.0,0.0,LAME (published defaults)
ogbn-arxiv,lame_default,2.0,9,,100.0,100.0,1.0,1.0,1.0,0.0,LAME (published defaults)
ogbn-arxiv,potts,0.0,3,0.2639640968588249,3.0,94.0,6.797017072888735,6.5371525465638225,16.542974954679472,0.0,PtS
ogbn-arxiv,potts,0.5,9,0.22830875731529127,3.0,17.0,15.957405464769492,11.315374264612391,22.420644576687813,0.0,PtS
ogbn-arxiv,potts,1.0,9,0.20052924825196636,7.0,10.0,6.703542863241095,5.325968086670896,8.050705955802579,0.0,PtS
ogbn-arxiv,potts,1.5,9,0.06211376473149731,3.0,4.0,6.771494349107533,5.958972091114319,7.85940145888932,0.0,PtS
ogbn-arxiv,potts,2.0,9,0.024867151746577065,2.0,3.0,0.0,0.0,5.088088220070488,0.5555555555555556,PtS
ogbn-arxiv,potts_norm,0.0,3,0.2306860502446642,5.0,6.0,6.345344535110606,6.285072282080593,12.13615650864739,0.0,PtS without mass preservation
ogbn-arxiv,potts_norm,2.0,9,0.020831234311532675,3.0,5.0,4.898274515442555,4.102995329432484,5.405958921523229,0.1111111111111111,PtS without mass preservation
ogbn-arxiv,ppr,0.0,3,0.08771180990751802,2.0,2.0,,,,,PPR-Prob
ogbn-arxiv,ppr,0.5,9,0.07343311539094666,2.0,3.0,,,,,PPR-Prob
ogbn-arxiv,ppr,1.0,9,0.021841550165104157,3.0,3.0,,,,,PPR-Prob
ogbn-arxiv,ppr,1.5,9,0.0154891664149322,2.0,51.0,,,,,PPR-Prob
ogbn-arxiv,ppr,2.0,9,0.015949236822289645,2.0,2.0,,,,,PPR-Prob
ogbn-arxiv,ppr_norm,0.0,3,0.035037172816448685,2.0,2.0,,,,,"PPR-Prob, renormalised each step"
ogbn-arxiv,ppr_norm,2.0,9,0.004558164183531715,3.0,9.0,,,,,"PPR-Prob, renormalised each step"
ogbn-products,appnp,0.0,3,0.13313573976395876,2.0,2.0,,,,,APPNP
ogbn-products,appnp,0.5,9,0.03859507091120184,2.0,2.0,,,,,APPNP
ogbn-products,appnp,1.0,9,0.40676991261432405,2.0,24.0,,,,,APPNP
ogbn-products,appnp,1.5,9,0.48452704281747655,2.0,43.0,,,,,APPNP
ogbn-products,appnp,2.0,9,0.46556023009205055,2.0,22.0,,,,,APPNP
ogbn-products,coupled,0.0,3,,8.0,13.0,15.325220262369077,13.241909809907714,15.704110700383257,0.0,Coupled Potts solver
ogbn-products,coupled,0.5,6,,5.0,8.0,23.339755136715652,19.896394276017016,27.078631960339468,0.0,Coupled Potts solver
ogbn-products,coupled,1.0,6,,1.0,1.0,17.507058392748235,16.755164839399967,19.456055484424226,0.0,Coupled Potts solver
ogbn-products,coupled,1.5,6,,1.0,1.0,18.328020150771234,17.353356830510762,18.81882588344608,0.0,Coupled Potts solver
ogbn-products,coupled,2.0,6,,1.0,1.0,21.42742034983777,19.24743532382915,23.58226499046227,0.0,Coupled Potts solver
ogbn-products,lame,0.0,3,,8.0,32.0,16.36566295650378,13.616980830681,16.87373259281777,0.0,LAME (tuned)
ogbn-products,lame,2.0,6,,1.0,49.0,20.1457397898519,17.682334275170852,21.95394342294106,0.0,LAME (tuned)
ogbn-products,lame_default,0.0,3,,65.0,100.0,1.0,1.0,1.0,0.0,LAME (published defaults)
ogbn-products,lame_default,2.0,6,,33.0,46.0,1.0,1.0,1.0,0.0,LAME (published defaults)
ogbn-products,potts,0.0,3,0.36002229852903234,17.0,37.0,3.3359483994260875,3.0284231990992097,3.6183577286121884,0.0,PtS
ogbn-products,potts,0.5,9,0.31266414899004197,4.0,5.0,42.74426006876562,23.718577250122948,60.2196316751438,0.0,PtS
ogbn-products,potts,1.0,9,0.2733646995176706,1.0,2.0,0.0,0.0,1.7584880480141865,0.5555555555555556,PtS
ogbn-products,potts,1.5,9,0.3334048035445514,2.0,2.0,0.0,0.0,0.0,0.7777777777777778,PtS
ogbn-products,potts,2.0,9,0.2933230635001166,1.0,42.0,0.0,0.0,0.015537715156066577,0.6666666666666666,PtS
ogbn-products,potts_norm,0.0,3,0.26224707810280096,33.0,35.0,3.5551106478485677,3.412414354740208,4.371890357108612,0.0,PtS without mass preservation
ogbn-products,potts_norm,2.0,6,0.2696440935726929,1.0,31.0,0.0,0.0,0.0,0.8333333333333334,PtS without mass preservation
ogbn-products,ppr,0.0,3,0.054804777999104964,2.0,2.0,,,,,PPR-Prob
ogbn-products,ppr,0.5,9,0.02298680461740218,2.0,2.0,,,,,PPR-Prob
ogbn-products,ppr,1.0,9,0.2806171736918339,1.0,2.0,,,,,PPR-Prob
ogbn-products,ppr,1.5,9,0.33235976697670244,2.0,36.0,,,,,PPR-Prob
ogbn-products,ppr,2.0,9,0.31071566975154313,2.0,50.0,,,,,PPR-Prob
ogbn-products,ppr_norm,0.0,3,0.042093290833708885,2.0,2.0,,,,,"PPR-Prob, renormalised each step"
ogbn-products,ppr_norm,2.0,6,0.27379418614796514,2.0,36.0,,,,,"PPR-Prob, renormalised each step"
pubmed-tag,appnp,0.0,30,0.31610576904728316,30.0,93.0,,,,,APPNP
pubmed-tag,appnp,0.5,90,0.24211205369748304,26.5,98.0,,,,,APPNP
pubmed-tag,appnp,1.0,90,0.11265138573513106,4.0,99.0,,,,,APPNP
pubmed-tag,appnp,1.5,90,0.054793325377168745,4.0,98.0,,,,,APPNP
pubmed-tag,appnp,2.0,90,0.02867756588513679,5.0,54.0,,,,,APPNP
pubmed-tag,coupled,0.0,30,,36.0,89.0,5.2971845024984,3.7841936155394498,7.736989881064732,0.0,Coupled Potts solver
pubmed-tag,coupled,0.5,90,,58.0,99.0,6.621741461383953,4.041342500068238,10.195098276842298,0.0,Coupled Potts solver
pubmed-tag,coupled,1.0,90,,65.5,100.0,10.22912083319657,4.6787990068505465,23.31589278159708,0.0,Coupled Potts solver
pubmed-tag,coupled,1.5,90,,62.5,100.0,22.30128434488629,5.5931654262978014,59.33126409058485,0.0,Coupled Potts solver
pubmed-tag,coupled,2.0,90,,59.5,100.0,37.88363659749044,6.341383538390147,103.25214767032757,0.0,Coupled Potts solver
pubmed-tag,graphtv,0.0,30,,,,1.7782794100389228,1.0,3.1622776601683795,0.0,Graph-TV
pubmed-tag,graphtv,2.0,90,,,,10.0,2.124278972571287,17.78279410038923,0.0,Graph-TV
pubmed-tag,lame,0.0,30,,51.0,93.0,5.354309664482015,3.8261098576966526,7.630617382475435,0.0,LAME (tuned)
pubmed-tag,lame,2.0,90,,59.5,100.0,39.64529770688024,6.047920319621629,111.59324351174136,0.0,LAME (tuned)
pubmed-tag,lame_default,0.0,30,,100.0,100.0,1.0,1.0,1.0,0.0,LAME (published defaults)
pubmed-tag,lame_default,2.0,90,,100.0,100.0,1.0,1.0,1.0,0.0,LAME (published defaults)
pubmed-tag,potts,0.0,30,0.31143375667142503,45.5,95.0,1.5138852426649123,0.026796658554358775,3.307398923649089,0.2,PtS
pubmed-tag,potts,0.5,90,0.23875165099903223,51.5,100.0,1.3340739275059412,0.0,2.896317508854338,0.3,PtS
pubmed-tag,potts,1.0,90,0.15479347792618928,15.0,100.0,0.8226651099960651,0.04982408685011245,1.902950540459898,0.2111111111111111,PtS
pubmed-tag,potts,1.5,90,0.13068848258903062,22.0,100.0,1.127747998842921,0.5592874765525355,2.6546010775499376,0.1,PtS
pubmed-tag,potts,2.0,90,0.09821457374410991,23.5,99.0,1.605620089233751,0.6385997189323991,4.581067545346297,0.05555555555555555,PtS
pubmed-tag,potts_norm,0.0,30,0.16444991656679833,38.0,100.0,0.10753203096647852,0.0,1.2667852603315501,0.43333333333333335,PtS without mass preservation
pubmed-tag,potts_norm,2.0,90,0.053110729831239066,42.5,100.0,0.40551868153117876,0.24040807960161273,0.6263783969777821,0.1111111111111111,PtS without mass preservation
pubmed-tag,ppr,0.0,30,0.19915882689263303,28.0,95.0,,,,,PPR-Prob
pubmed-tag,ppr,0.5,90,0.14865524956010984,23.5,99.0,,,,,PPR-Prob
pubmed-tag,ppr,1.0,90,0.08198211616607853,7.0,100.0,,,,,PPR-Prob
pubmed-tag,ppr,1.5,90,0.03830371028882448,7.0,100.0,,,,,PPR-Prob
pubmed-tag,ppr,2.0,90,0.023990423167879926,8.0,98.0,,,,,PPR-Prob
pubmed-tag,ppr_norm,0.0,30,0.14144420694164128,29.0,95.0,,,,,"PPR-Prob, renormalised each step"
pubmed-tag,ppr_norm,2.0,90,0.01658905494226367,18.5,97.0,,,,,"PPR-Prob, renormalised each step"
roman-empire,appnp,0.0,30,0.9840596678213563,45.0,89.0,,,,,APPNP
roman-empire,appnp,0.5,90,0.9789390404349927,42.5,100.0,,,,,APPNP
roman-empire,appnp,1.0,90,0.9983540421059551,46.5,100.0,,,,,APPNP
roman-empire,appnp,1.5,90,0.9986362321173035,56.0,100.0,,,,,APPNP
roman-empire,appnp,2.0,90,0.9973241056579881,52.0,100.0,,,,,APPNP
roman-empire,coupled,0.0,30,,54.0,100.0,0.08030099012423043,0.02642814057379965,0.22605455365265165,0.0,Coupled Potts solver
roman-empire,coupled,0.5,90,,55.0,100.0,0.1839038577154487,0.04255906001490424,0.6465891063043226,0.0,Coupled Potts solver
roman-empire,coupled,1.0,90,,53.0,100.0,0.14289753768008684,0.0341390363713828,0.37224106574799415,0.0,Coupled Potts solver
roman-empire,coupled,1.5,90,,54.0,100.0,0.22715363092132457,0.046628035623651976,0.7090303642002814,0.0,Coupled Potts solver
roman-empire,coupled,2.0,90,,50.5,100.0,0.5443137452702347,0.06869890433927027,1.3867891147372717,0.0,Coupled Potts solver
roman-empire,graphtv,0.0,30,,,,0.01,0.0,0.03162277660168379,0.43333333333333335,Graph-TV
roman-empire,graphtv,2.0,90,,,,0.05623413251903491,0.0015405694150420948,0.1778279410038923,0.2222222222222222,Graph-TV
roman-empire,lame,0.0,30,,52.5,100.0,0.0624393915747814,0.0,0.2825008601497395,0.3,LAME (tuned)
roman-empire,lame,2.0,90,,36.5,99.0,0.5701959816326656,0.024913084419577226,1.3833854077999939,0.2,LAME (tuned)
roman-empire,lame_default,0.0,30,,52.0,100.0,1.0,1.0,1.0,0.0,LAME (published defaults)
roman-empire,lame_default,2.0,90,,49.0,100.0,1.0,1.0,1.0,0.0,LAME (published defaults)
roman-empire,potts,0.0,30,0.9659435762226329,60.0,100.0,0.0,0.0,0.10591849617736851,0.5333333333333333,PtS
roman-empire,potts,0.5,90,0.9190116211853268,53.0,99.0,0.12022607325210458,0.0,15.964292277270996,0.3888888888888889,PtS
roman-empire,potts,1.0,90,0.9282441826341725,52.0,100.0,0.08700898511710667,0.0,16.100373727816397,0.4111111111111111,PtS
roman-empire,potts,1.5,90,0.8970039979177737,49.5,100.0,2.4883444918329505,0.0,29.541575786857692,0.34444444444444444,PtS
roman-empire,potts,2.0,90,0.8421522429825238,63.0,100.0,0.11394222863031603,0.0,13.416861363488035,0.4,PtS
roman-empire,potts_norm,0.0,30,0.9684366793677808,39.0,99.0,0.011513896056909553,0.0,0.21857983483082194,0.43333333333333335,PtS without mass preservation
roman-empire,potts_norm,2.0,90,0.7976996330416741,54.0,100.0,0.06368254434890844,0.0,5.841352283578985,0.4222222222222222,PtS without mass preservation
roman-empire,ppr,0.0,30,0.9829640283904948,37.0,95.0,,,,,PPR-Prob
roman-empire,ppr,0.5,90,0.9070526860928462,59.0,100.0,,,,,PPR-Prob
roman-empire,ppr,1.0,90,0.938035101934899,61.5,99.0,,,,,PPR-Prob
roman-empire,ppr,1.5,90,0.8953049555643922,51.0,100.0,,,,,PPR-Prob
roman-empire,ppr,2.0,90,0.8614600269008204,42.0,100.0,,,,,PPR-Prob
roman-empire,ppr_norm,0.0,30,0.9747430542681892,69.0,100.0,,,,,"PPR-Prob, renormalised each step"
roman-empire,ppr_norm,2.0,90,0.8374025028299925,51.5,100.0,,,,,"PPR-Prob, renormalised each step"
tape-arxiv23,appnp,0.0,30,0.34977223603756313,25.5,93.0,,,,,APPNP
tape-arxiv23,appnp,0.5,90,0.25739564891860245,7.0,100.0,,,,,APPNP
tape-arxiv23,appnp,1.0,90,0.11516367398197627,4.0,99.0,,,,,APPNP
tape-arxiv23,appnp,1.5,90,0.03841587059075531,4.0,84.0,,,,,APPNP
tape-arxiv23,appnp,2.0,90,0.07891536637105914,3.0,95.0,,,,,APPNP
tape-arxiv23,coupled,0.0,30,,43.0,99.0,10.504518620509508,8.30987011986562,12.915627791975147,0.0,Coupled Potts solver
tape-arxiv23,coupled,0.5,90,,45.0,100.0,14.713873198402652,11.453234848465764,19.858122726469013,0.0,Coupled Potts solver
tape-arxiv23,coupled,1.0,90,,51.0,91.0,23.412351725715784,17.117584453051848,29.75887740297369,0.0,Coupled Potts solver
tape-arxiv23,coupled,1.5,90,,51.5,100.0,33.64758963044842,24.97453307564932,46.29169995426704,0.0,Coupled Potts solver
tape-arxiv23,coupled,2.0,90,,62.5,98.0,57.53004161792272,35.28367146493571,93.23149140715454,0.0,Coupled Potts solver
tape-arxiv23,graphtv,0.0,30,,,,1.7782794100389228,1.7782794100389228,1.7782794100389228,0.0,Graph-TV
tape-arxiv23,graphtv,2.0,90,,,,5.623413251903491,5.623413251903491,10.0,0.0,Graph-TV
tape-arxiv23,lame,0.0,30,,33.0,89.0,10.566955037890004,7.935870005273611,13.401370347880533,0.0,LAME (tuned)
tape-arxiv23,lame,2.0,90,,56.0,100.0,59.11112916803391,36.37389752378465,94.15226070014074,0.0,LAME (tuned)
tape-arxiv23,lame_default,0.0,30,,96.0,100.0,1.0,1.0,1.0,0.0,LAME (published defaults)
tape-arxiv23,lame_default,2.0,90,,84.5,100.0,1.0,1.0,1.0,0.0,LAME (published defaults)
tape-arxiv23,potts,0.0,30,0.2998503680589234,58.0,97.0,0.9062522415318813,0.01470793080542147,3.2321797412032574,0.26666666666666666,PtS
tape-arxiv23,potts,0.5,90,0.20699695500040222,26.0,99.0,0.17108131057160997,0.0,1.5613543069178701,0.3888888888888889,PtS
tape-arxiv23,potts,1.0,90,0.089973238964794,16.0,96.0,0.0,0.0,0.17464732751865525,0.5333333333333333,PtS
tape-arxiv23,potts,1.5,90,0.04607932994057577,14.5,100.0,0.14503122710774224,0.0,0.4162839045041546,0.32222222222222224,PtS
tape-arxiv23,potts,2.0,90,0.05151510062230734,29.0,100.0,0.6284353081092439,0.4197625148804784,0.9231507921234338,0.07777777777777778,PtS
tape-arxiv23,potts_norm,0.0,30,0.23340201906714092,39.5,95.0,0.23476248898219684,0.0,1.6014978897137304,0.43333333333333335,PtS without mass preservation
tape-arxiv23,potts_norm,2.0,90,0.025920227505973975,63.5,100.0,0.4474442850357449,0.2553852253774417,0.6237805621201301,0.15555555555555556,PtS without mass preservation
tape-arxiv23,ppr,0.0,30,0.21437357977408614,4.0,100.0,,,,,PPR-Prob
tape-arxiv23,ppr,0.5,90,0.15681448637154105,8.0,100.0,,,,,PPR-Prob
tape-arxiv23,ppr,1.0,90,0.07298723750972702,8.0,98.0,,,,,PPR-Prob
tape-arxiv23,ppr,1.5,90,0.022364784898378662,10.0,96.0,,,,,PPR-Prob
tape-arxiv23,ppr,2.0,90,0.002231442237749681,9.0,62.0,,,,,PPR-Prob
tape-arxiv23,ppr_norm,0.0,30,0.1820396841343404,43.0,97.0,,,,,"PPR-Prob, renormalised each step"
tape-arxiv23,ppr_norm,2.0,90,0.0019263801109107785,15.0,79.0,,,,,"PPR-Prob, renormalised each step"
wikics,appnp,0.0,30,0.10972420283350695,2.0,100.0,,,,,APPNP
wikics,appnp,0.5,90,0.08311051418762631,2.0,100.0,,,,,APPNP
wikics,appnp,1.0,90,0.03652717698407048,2.0,89.0,,,,,APPNP
wikics,appnp,1.5,90,0.029996121317670585,2.0,95.0,,,,,APPNP
wikics,appnp,2.0,90,0.01936131490355894,2.0,86.0,,,,,APPNP
wikics,coupled,0.0,30,,35.0,100.0,35.40062543425427,26.246696219981313,59.455438627786,0.0,Coupled Potts solver
wikics,coupled,0.5,90,,29.5,100.0,41.57059745633583,27.285413320562544,106.98084270291324,0.0,Coupled Potts solver
wikics,coupled,1.0,90,,40.5,100.0,85.29664678064839,58.82085324861729,138.78688483369768,0.0,Coupled Potts solver
wikics,coupled,1.5,90,,52.5,100.0,129.3466447463716,82.58593846342464,210.87814514890164,0.0,Coupled Potts solver
wikics,coupled,2.0,90,,55.0,100.0,152.22119104856992,100.128461583418,213.8561258975896,0.0,Coupled Potts solver
wikics,graphtv,0.0,30,,,,10.0,10.0,17.78279410038923,0.0,Graph-TV
wikics,graphtv,2.0,90,,,,17.78279410038923,17.78279410038923,31.622776601683793,0.0,Graph-TV
wikics,lame,0.0,30,,43.0,96.0,34.355504659787165,24.553819448084205,54.443537935779396,0.0,LAME (tuned)
wikics,lame,2.0,90,,60.0,100.0,153.5185041770069,103.38579852458614,217.3558272534009,0.0,LAME (tuned)
wikics,lame_default,0.0,30,,56.0,100.0,1.0,1.0,1.0,0.0,LAME (published defaults)
wikics,lame_default,2.0,90,,66.5,100.0,1.0,1.0,1.0,0.0,LAME (published defaults)
wikics,potts,0.0,30,0.08686896101975233,3.0,73.0,4.107121333374223,2.4010132155776587,7.903676228943718,0.06666666666666667,PtS
wikics,potts,0.5,90,0.0647890109531871,4.0,88.0,6.395665934114123,2.6713650307988583,36.35336349949205,0.07777777777777778,PtS
wikics,potts,1.0,90,0.04103218332740663,4.0,98.0,6.955189748809698,3.6246975097912415,28.814165211759494,0.03333333333333333,PtS
wikics,potts,1.5,90,0.028074921527305008,6.0,100.0,12.858325560186378,7.0683674296819845,57.53679196439009,0.0,PtS
wikics,potts,2.0,90,0.0027565870698735297,8.0,100.0,34.68417445875164,11.194562058217855,106.47302031795422,0.0,PtS
wikics,potts_norm,0.0,30,0.0948941339440117,13.0,96.0,2.197177943311205,1.3416980723538536,3.507518561214851,0.06666666666666667,PtS without mass preservation
wikics,potts_norm,2.0,90,0.01799761716207867,49.0,100.0,5.1852987417201994,3.9092235854617474,9.14265215352162,0.0,PtS without mass preservation
wikics,ppr,0.0,30,0.033969701698915715,2.0,96.0,,,,,PPR-Prob
wikics,ppr,0.5,90,0.02043592476950532,2.0,91.0,,,,,PPR-Prob
wikics,ppr,1.0,90,0.01494367446677235,3.0,100.0,,,,,PPR-Prob
wikics,ppr,1.5,90,0.003314793558567204,2.5,56.0,,,,,PPR-Prob
wikics,ppr,2.0,90,0.0013806081469133389,3.0,75.0,,,,,PPR-Prob
wikics,ppr_norm,0.0,30,0.018559136096627384,3.0,100.0,,,,,"PPR-Prob, renormalised each step"
wikics,ppr_norm,2.0,90,0.0011538747933770473,3.0,13.0,,,,,"PPR-Prob, renormalised each step"
