contrast,dataset,sigma_sel,sigma_test,mean_pp,sd_pp,sd_over
PtS - APPNP,amazon-ratings,0.0,0.0,1.1165543988569095,0.34748289042248265,splits
PtS - APPNP,amazon-ratings,0.0,0.5,0.8979156744006718,0.2644583148169163,splits
PtS - APPNP,amazon-ratings,0.0,1.0,0.11680388287859222,0.20342839647599117,splits
PtS - APPNP,amazon-ratings,0.0,1.5,0.21092740014969014,0.1485943828508726,splits
PtS - APPNP,amazon-ratings,0.0,2.0,0.24789639608990505,0.257903338512575,splits
PtS - APPNP,amazon-ratings,0.5,0.0,0.9366990995894862,0.43245483102089793,splits
PtS - APPNP,amazon-ratings,0.5,0.5,1.0011113379147676,0.1983525879403861,splits
PtS - APPNP,amazon-ratings,0.5,1.0,0.07938127962622728,0.2607683193374563,splits
PtS - APPNP,amazon-ratings,0.5,1.5,0.057834932299108466,0.18020783888947478,splits
PtS - APPNP,amazon-ratings,0.5,2.0,0.1855253906692976,0.17421709921021422,splits
PtS - APPNP,amazon-ratings,1.0,0.0,1.34676010977297,0.4205966975698158,splits
PtS - APPNP,amazon-ratings,1.0,0.5,0.9534825701390307,0.19077949187017518,splits
PtS - APPNP,amazon-ratings,1.0,1.0,0.11385543534961709,0.10089746690471893,splits
PtS - APPNP,amazon-ratings,1.0,1.5,0.030164886257966327,0.09274054221008379,splits
PtS - APPNP,amazon-ratings,1.0,2.0,0.1261028327776647,0.11231400099943303,splits
PtS - APPNP,amazon-ratings,1.5,0.0,1.395522895829081,0.3844261384945321,splits
PtS - APPNP,amazon-ratings,1.5,0.5,0.9001837109614206,0.3389152125952443,splits
PtS - APPNP,amazon-ratings,1.5,1.0,0.06282461273275727,0.21950680727641841,splits
PtS - APPNP,amazon-ratings,1.5,1.5,-0.033793744755165056,0.06664452186757291,splits
PtS - APPNP,amazon-ratings,1.5,2.0,0.07597922478510377,0.11006275618071831,splits
PtS - APPNP,amazon-ratings,2.0,0.0,2.1943253725250056,0.7177221913726677,splits
PtS - APPNP,amazon-ratings,2.0,0.5,1.546800934431063,0.48865998490749796,splits
PtS - APPNP,amazon-ratings,2.0,1.0,0.2866798212787182,0.1930755071061985,splits
PtS - APPNP,amazon-ratings,2.0,1.5,0.01814429248599505,0.09446825297171221,splits
PtS - APPNP,amazon-ratings,2.0,2.0,0.03969063981311366,0.08121590892242274,splits
PtS - APPNP,books-history,0.0,0.0,0.28600080224629043,0.22639721006155783,splits
PtS - APPNP,books-history,0.0,0.5,0.2880064179703168,0.20247015692482295,splits
PtS - APPNP,books-history,0.0,1.0,0.32745019387618635,0.3354683964068661,splits
PtS - APPNP,books-history,0.0,1.5,0.2418772563176897,0.6359293013561167,splits
PtS - APPNP,books-history,0.0,2.0,0.002807862013639184,0.9499858550138809,splits
PtS - APPNP,books-history,0.5,0.0,0.25003342692873326,0.09615186955310999,splits
PtS - APPNP,books-history,0.5,0.5,0.2826581093729103,0.11514262383099395,splits
PtS - APPNP,books-history,0.5,1.0,0.269019922449525,0.18097613484519343,splits
PtS - APPNP,books-history,0.5,1.5,0.19267281722155302,0.30368397766607774,splits
PtS - APPNP,books-history,0.5,2.0,-0.036903329322102676,0.41712245129745074,splits
PtS - APPNP,books-history,1.0,0.0,0.12247626688059884,0.14964144163913615,splits
PtS - APPNP,books-history,1.0,0.5,0.19909078753844067,0.15484516969808815,splits
PtS - APPNP,books-history,1.0,1.0,0.36542318491776954,0.1631867832135713,splits
PtS - APPNP,books-history,1.0,1.5,0.6079689798101355,0.3047200159731881,splits
PtS - APPNP,books-history,1.0,2.0,0.8459687123947047,0.5020455354289656,splits
PtS - APPNP,books-history,1.5,0.0,0.0054820163123415885,0.08062586297457151,splits
PtS - APPNP,books-history,1.5,0.5,0.07567856665329578,0.09706930447864144,splits
PtS - APPNP,books-history,1.5,1.0,0.30471988233721103,0.16044857700181897,splits
PtS - APPNP,books-history,1.5,1.5,0.6432678165530157,0.3570162632655372,splits
PtS - APPNP,books-history,1.5,2.0,1.000133707714935,0.5693451115360575,splits
PtS - APPNP,books-history,2.0,0.0,-0.04813477737665408,0.18068855135063966,splits
PtS - APPNP,books-history,2.0,0.5,0.0004011231448055819,0.20602180426388075,splits
PtS - APPNP,books-history,2.0,1.0,0.23104693140794197,0.20973679308447868,splits
PtS - APPNP,books-history,2.0,1.5,0.534563444310738,0.3647326006772819,splits
PtS - APPNP,books-history,2.0,2.0,1.0229977269688457,0.6086332004797548,splits
PtS - APPNP,cora-tag,0.0,0.0,3.579790511398643,1.2303846495744577,splits
PtS - APPNP,cora-tag,0.0,0.5,3.2840418977202717,1.438398559353248,splits
PtS - APPNP,cora-tag,0.0,1.0,3.2059971246662564,1.7835051835291071,splits
PtS - APPNP,cora-tag,0.0,1.5,3.074553296364756,2.442068253404488,splits
PtS - APPNP,cora-tag,0.0,2.0,2.9944547134935298,2.5203778955898137,splits
PtS - APPNP,cora-tag,0.5,0.0,3.1402752105155054,0.9314353966174589,splits
PtS - APPNP,cora-tag,0.5,0.5,3.347710002053809,1.052197591420794,splits
PtS - APPNP,cora-tag,0.5,1.0,3.3004723762579586,1.0657868036995444,splits
PtS - APPNP,cora-tag,0.5,1.5,3.448346683097145,1.5985874885277733,splits
PtS - APPNP,cora-tag,0.5,2.0,3.138221400698295,1.722367140009963,splits
PtS - APPNP,cora-tag,1.0,0.0,3.1546518792359812,1.1558325551702184,splits
PtS - APPNP,cora-tag,1.0,0.5,3.115629492708976,1.064950947558556,splits
PtS - APPNP,cora-tag,1.0,1.0,3.4565619223659887,1.3175029453059606,splits
PtS - APPNP,cora-tag,1.0,1.5,3.341548572602177,1.7718942577852668,splits
PtS - APPNP,cora-tag,1.0,2.0,2.741836105976587,2.377974172289835,splits
PtS - APPNP,cora-tag,1.5,0.0,2.8917642226329843,0.9356701113900163,splits
PtS - APPNP,cora-tag,1.5,0.5,2.963647566235367,0.9955765266051649,splits
PtS - APPNP,cora-tag,1.5,1.0,3.109468063257342,1.3702741097241657,splits
PtS - APPNP,cora-tag,1.5,1.5,3.7810638734853157,1.5374930581326438,splits
PtS - APPNP,cora-tag,1.5,2.0,3.1916204559457793,2.038306654652897,splits
PtS - APPNP,cora-tag,2.0,0.0,2.9307866091599917,0.8541945123216027,splits
PtS - APPNP,cora-tag,2.0,0.5,2.8650646950092424,1.0452369770953722,splits
PtS - APPNP,cora-tag,2.0,1.0,3.0191004313000613,1.1905012730490394,splits
PtS - APPNP,cora-tag,2.0,1.5,3.7358800575066753,1.6756831114793258,splits
PtS - APPNP,cora-tag,2.0,2.0,4.134319162045594,1.985917157390405,splits
PtS - APPNP,ele-computers,0.0,0.0,4.744162940884251,0.9612243307806138,splits
PtS - APPNP,ele-computers,0.0,0.5,4.812564484695633,0.9510052093572187,splits
PtS - APPNP,ele-computers,0.0,1.0,5.416523367343039,1.1983644217677676,splits
PtS - APPNP,ele-computers,0.0,1.5,6.187410039869056,1.2248148983910492,splits
PtS - APPNP,ele-computers,0.0,2.0,7.007400613957991,1.3169680770174645,splits
PtS - APPNP,ele-computers,0.5,0.0,4.786324786324788,0.8453385786422274,splits
PtS - APPNP,ele-computers,0.5,0.5,5.119607168787497,0.8533099560200306,splits
PtS - APPNP,ele-computers,0.5,1.0,6.037423414472594,1.0603673792740573,splits
PtS - APPNP,ele-computers,0.5,1.5,7.3125963289897715,1.052641626922522,splits
PtS - APPNP,ele-computers,0.5,2.0,8.767625816806143,1.4925496176405442,splits
PtS - APPNP,ele-computers,1.0,0.0,4.458838065395442,0.860201094433604,splits
PtS - APPNP,ele-computers,1.0,0.5,4.675188199778363,0.8594568340634959,splits
PtS - APPNP,ele-computers,1.0,1.0,5.901193524144345,1.0477884972390432,splits
PtS - APPNP,ele-computers,1.0,1.5,7.323296011820602,1.016715131742582,splits
PtS - APPNP,ele-computers,1.0,2.0,9.207968716165436,1.238455484048583,splits
PtS - APPNP,ele-computers,1.5,0.0,4.411708510069166,0.8790209136140231,splits
PtS - APPNP,ele-computers,1.5,0.5,4.656909574942362,0.8990933544339995,splits
PtS - APPNP,ele-computers,1.5,1.0,5.675926987402397,1.0354573216646785,splits
PtS - APPNP,ele-computers,1.5,1.5,7.497356923586433,0.9767625718653018,splits
PtS - APPNP,ele-computers,1.5,2.0,9.355726240972142,1.1759853958528728,splits
PtS - APPNP,ele-computers,2.0,0.0,4.623218311742901,1.003368132192969,splits
PtS - APPNP,ele-computers,2.0,0.5,4.809061612340301,0.9802922483507399,splits
PtS - APPNP,ele-computers,2.0,1.0,5.724457691670807,1.0552419351702398,splits
PtS - APPNP,ele-computers,2.0,1.5,7.323996586291668,0.9752033872960069,splits
PtS - APPNP,ele-computers,2.0,2.0,9.626721184098233,0.9955979371293132,splits
PtS - APPNP,ele-photo,0.0,0.0,3.043523208932079,0.6331443958324436,splits
PtS - APPNP,ele-photo,0.0,0.5,3.067760203085336,0.8127701685187831,splits
PtS - APPNP,ele-photo,0.0,1.0,3.2736023524817073,1.0091120727153196,splits
PtS - APPNP,ele-photo,0.0,1.5,3.462214411247804,1.2653421626945536,splits
PtS - APPNP,ele-photo,0.0,2.0,3.4858770690467162,1.435172667424906,splits
PtS - APPNP,ele-photo,0.5,0.0,2.915101600101084,0.2503748177717117,splits
PtS - APPNP,ele-photo,0.5,0.5,3.069253477606627,0.26738234305198205,splits
PtS - APPNP,ele-photo,0.5,1.0,3.182627473953846,0.38352102486210066,splits
PtS - APPNP,ele-photo,0.5,1.5,3.277392972420369,0.47001875677632926,splits
PtS - APPNP,ele-photo,0.5,2.0,3.2722239452312847,0.4403045776076225,splits
PtS - APPNP,ele-photo,1.0,0.0,2.5624590785347534,0.5459510865867205,splits
PtS - APPNP,ele-photo,1.0,0.5,2.8323971650757565,0.5223813017212984,splits
PtS - APPNP,ele-photo,1.0,1.0,3.483464856358478,0.41394108666829244,splits
PtS - APPNP,ele-photo,1.0,1.5,4.023800498523956,0.4626669002202744,splits
PtS - APPNP,ele-photo,1.0,2.0,4.23561574600549,0.7927242170020803,splits
PtS - APPNP,ele-photo,1.5,0.0,2.1500855761167967,0.8736929096993178,splits
PtS - APPNP,ele-photo,1.5,0.5,2.479869510780294,0.7495172212257027,splits
PtS - APPNP,ele-photo,1.5,1.0,3.4702551202085985,0.48152955775736656,splits
PtS - APPNP,ele-photo,1.5,1.5,4.715760938235868,0.5946625349100015,splits
PtS - APPNP,ele-photo,1.5,2.0,5.1704055963334365,0.856256521408547,splits
PtS - APPNP,ele-photo,2.0,0.0,1.5129168246091638,0.79998206450828,splits
PtS - APPNP,ele-photo,2.0,0.5,1.8717621788023941,0.8217875781227294,splits
PtS - APPNP,ele-photo,2.0,1.0,3.023076834717484,0.8157276233902103,splits
PtS - APPNP,ele-photo,2.0,1.5,4.3620846112317215,1.050467629413033,splits
PtS - APPNP,ele-photo,2.0,2.0,5.4564251007960305,1.035865720326345,splits
PtS - APPNP,ogbn-arxiv,0.0,0.0,0.45950524316057395,0.5062182582368485,seed x draw
PtS - APPNP,ogbn-arxiv,0.0,0.5,0.947815292608826,0.5352391185080264,seed x draw
PtS - APPNP,ogbn-arxiv,0.0,1.0,4.991004213274444,0.3217331741111484,seed x draw
PtS - APPNP,ogbn-arxiv,0.0,1.5,6.499370180624427,3.2323951441526635,seed x draw
PtS - APPNP,ogbn-arxiv,0.0,2.0,4.383588575922382,4.138710529373459,seed x draw
PtS - APPNP,ogbn-arxiv,0.5,0.0,0.9437003202820149,0.5453900634064917,seed x draw
PtS - APPNP,ogbn-arxiv,0.5,0.5,1.3979475432472181,0.9243856876466333,seed x draw
PtS - APPNP,ogbn-arxiv,0.5,1.0,5.183493474339717,1.4956516364566206,seed x draw
PtS - APPNP,ogbn-arxiv,0.5,1.5,7.931151940780975,1.2317869031423607,seed x draw
PtS - APPNP,ogbn-arxiv,0.5,2.0,5.312886493060556,2.532735753304665,seed x draw
PtS - APPNP,ogbn-arxiv,1.0,0.0,-0.980963680797025,0.5918892589052559,seed x draw
PtS - APPNP,ogbn-arxiv,1.0,0.5,-0.3650894892176293,0.9530732031330101,seed x draw
PtS - APPNP,ogbn-arxiv,1.0,1.0,4.946653955974367,1.5368997391114005,seed x draw
PtS - APPNP,ogbn-arxiv,1.0,1.5,7.35368415758515,1.1836767450573755,seed x draw
PtS - APPNP,ogbn-arxiv,1.0,2.0,3.871274521234401,2.250597420987437,seed x draw
PtS - APPNP,ogbn-arxiv,1.5,0.0,-0.1726002281523568,0.6237385992943876,seed x draw
PtS - APPNP,ogbn-arxiv,1.5,0.5,0.06858287211351942,0.39293541946014854,seed x draw
PtS - APPNP,ogbn-arxiv,1.5,1.0,4.437083216170925,0.6220137566427325,seed x draw
PtS - APPNP,ogbn-arxiv,1.5,1.5,8.437522146552453,0.5857799372032682,seed x draw
PtS - APPNP,ogbn-arxiv,1.5,2.0,6.971448950339142,1.580706176352779,seed x draw
PtS - APPNP,ogbn-arxiv,2.0,0.0,-0.9144382948469101,0.8222644484073545,seed x draw
PtS - APPNP,ogbn-arxiv,2.0,0.5,0.8216228079199491,0.8327165307162013,seed x draw
PtS - APPNP,ogbn-arxiv,2.0,1.0,6.32425524716124,0.9014001495976377,seed x draw
PtS - APPNP,ogbn-arxiv,2.0,1.5,8.768320199713322,1.2801710488536755,seed x draw
PtS - APPNP,ogbn-arxiv,2.0,2.0,6.756555951050117,1.7269065058973827,seed x draw
PtS - APPNP,ogbn-products,0.0,0.0,1.5847066388142188,0.23794964405287736,seed x draw
PtS - APPNP,ogbn-products,0.0,0.5,-0.8810653415416622,0.818092333976144,seed x draw
PtS - APPNP,ogbn-products,0.0,1.0,-4.980078391113001,0.3255490471288563,seed x draw
PtS - APPNP,ogbn-products,0.0,1.5,-1.9280122989369468,0.4525024011627442,seed x draw
PtS - APPNP,ogbn-products,0.0,2.0,-1.520126274869753,0.2886891628527884,seed x draw
PtS - APPNP,ogbn-products,0.5,0.0,0.5357664913010819,1.0918805781793515,seed x draw
PtS - APPNP,ogbn-products,0.5,0.5,0.28806868864507734,1.312692279882626,seed x draw
PtS - APPNP,ogbn-products,0.5,1.0,-2.7075856046286986,0.5785172377572585,seed x draw
PtS - APPNP,ogbn-products,0.5,1.5,-1.1971089806569684,0.6659583826676275,seed x draw
PtS - APPNP,ogbn-products,0.5,2.0,-1.049497437445334,0.46675191545613026,seed x draw
PtS - APPNP,ogbn-products,1.0,0.0,0.3994664275240176,0.5675271953524585,seed x draw
PtS - APPNP,ogbn-products,1.0,0.5,0.35904533523474597,0.6969452068205014,seed x draw
PtS - APPNP,ogbn-products,1.0,1.0,-1.2283824850501965,0.3574388232686583,seed x draw
PtS - APPNP,ogbn-products,1.0,1.5,-1.4346249456328533,0.23131594640529599,seed x draw
PtS - APPNP,ogbn-products,1.0,2.0,-1.43840045940773,0.22624717792864227,seed x draw
PtS - APPNP,ogbn-products,1.5,0.0,0.947041440631629,0.65989410712057,seed x draw
PtS - APPNP,ogbn-products,1.5,0.5,0.824076170187106,0.7178312997311388,seed x draw
PtS - APPNP,ogbn-products,1.5,1.0,-0.94907479578964,0.3490816679093976,seed x draw
PtS - APPNP,ogbn-products,1.5,1.5,-1.2988821717879853,0.24592613795881038,seed x draw
PtS - APPNP,ogbn-products,1.5,2.0,-1.4033313587195468,0.217730549911976,seed x draw
PtS - APPNP,ogbn-products,2.0,0.0,1.1121348175721462,0.4312943016423077,seed x draw
PtS - APPNP,ogbn-products,2.0,0.5,1.1666488183269468,0.4307356343485124,seed x draw
PtS - APPNP,ogbn-products,2.0,1.0,-0.865581718560651,0.19320310243328465,seed x draw
PtS - APPNP,ogbn-products,2.0,1.5,-1.1855213665713096,0.15996414586548116,seed x draw
PtS - APPNP,ogbn-products,2.0,2.0,-1.2090430182139935,0.1734877073501084,seed x draw
PtS - APPNP,pubmed-tag,0.0,0.0,0.8299526707234612,0.6363273594388226,splits
PtS - APPNP,pubmed-tag,0.0,0.5,0.8243182330403416,0.6780408423944245,splits
PtS - APPNP,pubmed-tag,0.0,1.0,0.6871196754563897,0.9500963049212748,splits
PtS - APPNP,pubmed-tag,0.0,1.5,0.45469912102772125,1.3971551166909872,splits
PtS - APPNP,pubmed-tag,0.0,2.0,0.1470588235294124,1.6799596662697582,splits
PtS - APPNP,pubmed-tag,0.5,0.0,0.7645931935992787,0.6410577192323077,splits
PtS - APPNP,pubmed-tag,0.5,0.5,0.8014987604237094,0.7083950166561785,splits
PtS - APPNP,pubmed-tag,0.5,1.0,0.9519382465629933,0.9169848501384369,splits
PtS - APPNP,pubmed-tag,0.5,1.5,0.9505296371422134,1.2311974795993281,splits
PtS - APPNP,pubmed-tag,0.5,2.0,0.9274284426414241,1.5367662951617995,splits
PtS - APPNP,pubmed-tag,1.0,0.0,0.6321839080459772,0.6486747239632973,splits
PtS - APPNP,pubmed-tag,1.0,0.5,0.7524791525805727,0.7430369224354547,splits
PtS - APPNP,pubmed-tag,1.0,1.0,1.070261437908496,0.8256768649239137,splits
PtS - APPNP,pubmed-tag,1.0,1.5,1.402129817444219,1.121056497715397,splits
PtS - APPNP,pubmed-tag,1.0,2.0,1.591165201712869,1.3563807891517359,splits
PtS - APPNP,pubmed-tag,1.5,0.0,0.7023326572008114,0.6602237823570277,splits
PtS - APPNP,pubmed-tag,1.5,0.5,0.734167230110435,0.7344813643649382,splits
PtS - APPNP,pubmed-tag,1.5,1.0,0.9691232814965067,0.8690053393609501,splits
PtS - APPNP,pubmed-tag,1.5,1.5,1.4858012170385397,1.082968302935138,splits
PtS - APPNP,pubmed-tag,1.5,2.0,1.9914919990984903,1.3529968337397746,splits
PtS - APPNP,pubmed-tag,2.0,0.0,0.8747464503042603,0.7789453017123094,splits
PtS - APPNP,pubmed-tag,2.0,0.5,0.8857336037863422,0.8234338661295181,splits
PtS - APPNP,pubmed-tag,2.0,1.0,0.9803921568627454,0.9114408076543599,splits
PtS - APPNP,pubmed-tag,2.0,1.5,1.3801555104800542,1.1706315144886719,splits
PtS - APPNP,pubmed-tag,2.0,2.0,1.8554203290511608,1.4389540740893387,splits
PtS - APPNP,roman-empire,0.0,0.0,-0.11250827266710858,0.13448140364017502,splits
PtS - APPNP,roman-empire,0.0,0.5,0.03211020418167997,0.09383282775825554,splits
PtS - APPNP,roman-empire,0.0,1.0,0.19266122509007994,0.2318336692911339,splits
PtS - APPNP,roman-empire,0.0,1.5,0.21717283133563742,0.25441793072165364,splits
PtS - APPNP,roman-empire,0.0,2.0,0.1715812437189009,0.173400245375981,splits
PtS - APPNP,roman-empire,0.5,0.0,-0.08799666642155035,0.10211175463726517,splits
PtS - APPNP,roman-empire,0.5,0.5,0.028188347182390838,0.04895848635626695,splits
PtS - APPNP,roman-empire,0.5,1.0,0.1593254405961225,0.11258748769990522,splits
PtS - APPNP,roman-empire,0.5,1.5,0.21325097433634804,0.08272036641303931,splits
PtS - APPNP,roman-empire,0.5,2.0,0.16373752972032243,0.0643639080893341,splits
PtS - APPNP,roman-empire,1.0,0.0,-0.08407480942226146,0.08938468653228562,splits
PtS - APPNP,roman-empire,1.0,0.5,-0.024021374120645693,0.03745635794855713,splits
PtS - APPNP,roman-empire,1.0,1.0,-0.010785106748045226,0.04331462762942226,splits
PtS - APPNP,roman-empire,1.0,1.5,0.018138588621712217,0.03441725909101357,splits
PtS - APPNP,roman-empire,1.0,2.0,0.027943231119935314,0.024814764840850333,splits
PtS - APPNP,roman-empire,1.5,0.0,-0.10687060323062905,0.07740218633369468,splits
PtS - APPNP,roman-empire,1.5,0.5,-0.08015295242297148,0.0440610847542363,splits
PtS - APPNP,roman-empire,1.5,1.0,-0.04338554305463649,0.051364667281850455,splits
PtS - APPNP,roman-empire,1.5,1.5,-0.0071083658112114975,0.031947733802488006,splits
PtS - APPNP,roman-empire,1.5,2.0,-0.006863249748756034,0.033723631297157636,splits
PtS - APPNP,roman-empire,2.0,0.0,-0.2377625805819059,0.21058752624812743,splits
PtS - APPNP,roman-empire,2.0,0.5,-0.17574821678064617,0.19059619361782135,splits
PtS - APPNP,roman-empire,2.0,1.0,-0.09485991617030669,0.11235630012610813,splits
PtS - APPNP,roman-empire,2.0,1.5,-0.040199034242713844,0.06417070062820822,splits
PtS - APPNP,roman-empire,2.0,2.0,-0.006863249748755974,0.022190187444198418,splits
PtS - APPNP,tape-arxiv23,0.0,0.0,0.1879712811631858,0.09941114040286399,splits
PtS - APPNP,tape-arxiv23,0.0,0.5,0.04509867590287597,0.14707137479095855,splits
PtS - APPNP,tape-arxiv23,0.0,1.0,0.018640786039855556,0.31681430573085506,splits
PtS - APPNP,tape-arxiv23,0.0,1.5,0.12723839761397923,0.6100453640174058,splits
PtS - APPNP,tape-arxiv23,0.0,2.0,-0.03872472970860232,0.753715253727494,splits
PtS - APPNP,tape-arxiv23,0.5,0.0,0.18231891378335868,0.10619264395530126,splits
PtS - APPNP,tape-arxiv23,0.5,0.5,-0.008899472044834444,0.07560376672865982,splits
PtS - APPNP,tape-arxiv23,0.5,1.0,-0.12399129294897257,0.22324821210499857,splits
PtS - APPNP,tape-arxiv23,0.5,1.5,0.060612620413464754,0.39177169351047114,splits
PtS - APPNP,tape-arxiv23,0.5,2.0,0.08827314163389509,0.5253764057556373,splits
PtS - APPNP,tape-arxiv23,1.0,0.0,-0.06121393609216928,0.13496104393592426,splits
PtS - APPNP,tape-arxiv23,1.0,0.5,-0.15862707604238074,0.10512072824280165,splits
PtS - APPNP,tape-arxiv23,1.0,1.0,-0.028382100034875447,0.07220062900844744,splits
PtS - APPNP,tape-arxiv23,1.0,1.5,0.5560967396663901,0.1870040844818325,splits
PtS - APPNP,tape-arxiv23,1.0,2.0,1.1334800543589376,0.29428653890255846,splits
PtS - APPNP,tape-arxiv23,1.5,0.0,-0.7630695962766529,0.24215848344827248,splits
PtS - APPNP,tape-arxiv23,1.5,0.5,-0.808649324722493,0.21575920104387417,splits
PtS - APPNP,tape-arxiv23,1.5,1.0,-0.35645993433632817,0.11043156936860099,splits
PtS - APPNP,tape-arxiv23,1.5,1.5,1.023800074563144,0.33100754108025865,splits
PtS - APPNP,tape-arxiv23,1.5,2.0,2.132866712366658,0.5694936742396106,splits
PtS - APPNP,tape-arxiv23,2.0,0.0,-1.7723178314151358,0.3464626973191051,splits
PtS - APPNP,tape-arxiv23,2.0,0.5,-1.7592091496193667,0.28564558126180783,splits
PtS - APPNP,tape-arxiv23,2.0,1.0,-1.1269858450289236,0.2580960403862026,splits
PtS - APPNP,tape-arxiv23,2.0,1.5,0.6082909405779848,0.3032008325108946,splits
PtS - APPNP,tape-arxiv23,2.0,2.0,3.287513078616011,0.25726518292606815,splits
PtS - APPNP,wikics,0.0,0.0,0.6430648195655886,0.5031681481987286,splits
PtS - APPNP,wikics,0.0,0.5,0.7888185774281212,0.7667913760522169,splits
PtS - APPNP,wikics,0.0,1.0,1.3929270471086799,1.368591009251613,splits
PtS - APPNP,wikics,0.0,1.5,2.7392965053303695,2.114205647560686,splits
PtS - APPNP,wikics,0.0,2.0,4.0318871976132105,2.714219962593584,splits
PtS - APPNP,wikics,0.5,0.0,0.2407692453869982,0.41490342823366283,splits
PtS - APPNP,wikics,0.5,0.5,0.49046994660129634,0.41574914201699303,splits
PtS - APPNP,wikics,0.5,1.0,0.9761891188263692,0.5004951164699324,splits
PtS - APPNP,wikics,0.5,1.5,2.3115367804952207,0.8284586285046388,splits
PtS - APPNP,wikics,0.5,2.0,3.3918628736484053,1.482645285023969,splits
PtS - APPNP,wikics,1.0,0.0,0.12447028865705134,0.5204461222722809,splits
PtS - APPNP,wikics,1.0,0.5,0.2801056572221275,0.5319345327715757,splits
PtS - APPNP,wikics,1.0,1.0,0.8097219846835035,0.5927419511060399,splits
PtS - APPNP,wikics,1.0,1.5,1.854892347452635,0.9286493354350918,splits
PtS - APPNP,wikics,1.0,2.0,2.9274271706288126,1.6427963165629629,splits
PtS - APPNP,wikics,1.5,0.0,-0.10565722212720627,0.7944149395837206,splits
PtS - APPNP,wikics,1.5,0.5,0.03496569940900364,0.7082643630058317,splits
PtS - APPNP,wikics,1.5,1.0,0.6162704520836902,0.5040102086039467,splits
PtS - APPNP,wikics,1.5,1.5,2.189346863538757,0.9313109635517945,splits
PtS - APPNP,wikics,1.5,2.0,3.520323812781483,1.6924703041268576,splits
PtS - APPNP,wikics,2.0,0.0,-1.4525967732740428,1.2760740573046219,splits
PtS - APPNP,wikics,2.0,0.5,-1.2749178116032918,1.0842337883126645,splits
PtS - APPNP,wikics,2.0,1.0,-0.252171103889934,0.5914921127628675,splits
PtS - APPNP,wikics,2.0,1.5,1.3366778784941942,0.543140160658361,splits
PtS - APPNP,wikics,2.0,2.0,4.176500769625449,1.750877796811686,splits
PtS - PPR-Prob,amazon-ratings,0.0,0.0,-0.026536027760768095,0.15323772128528046,splits
PtS - PPR-Prob,amazon-ratings,0.0,0.5,0.01678347054954516,0.10021767812569943,splits
PtS - PPR-Prob,amazon-ratings,0.0,1.0,-0.030845297226191094,0.08040927992060351,splits
PtS - PPR-Prob,amazon-ratings,0.0,1.5,0.011113379147671902,0.04517702626932606,splits
PtS - PPR-Prob,amazon-ratings,0.0,2.0,0.009298949899072664,0.0727066003724417,splits
PtS - PPR-Prob,amazon-ratings,0.5,0.0,-0.01088657549159662,0.14612289914096627,splits
PtS - PPR-Prob,amazon-ratings,0.5,0.5,-0.07030913338322978,0.07769657557128642,splits
PtS - PPR-Prob,amazon-ratings,0.5,1.0,-0.05080401896078581,0.1181664219127793,splits
PtS - PPR-Prob,amazon-ratings,0.5,1.5,-0.03152570819441628,0.07291070269795566,splits
PtS - PPR-Prob,amazon-ratings,0.5,2.0,-0.013154612052346127,0.06088409800789414,splits
PtS - PPR-Prob,amazon-ratings,1.0,0.0,0.12156675965616623,0.28154161813737943,splits
PtS - PPR-Prob,amazon-ratings,1.0,0.5,0.07484520650472899,0.15774045268998002,splits
PtS - PPR-Prob,amazon-ratings,1.0,1.0,0.00385566215327371,0.03961749122979183,splits
PtS - PPR-Prob,amazon-ratings,1.0,1.5,-0.012020593771971832,0.055853390378137274,splits
PtS - PPR-Prob,amazon-ratings,1.0,2.0,-0.007030913338323089,0.0634820691824529,splits
PtS - PPR-Prob,amazon-ratings,1.5,0.0,-0.07734004672155305,0.1767887257814064,splits
PtS - PPR-Prob,amazon-ratings,1.5,0.5,-0.1131750243813933,0.18663688645019574,splits
PtS - PPR-Prob,amazon-ratings,1.5,1.0,-0.03334013744301546,0.08910077521113467,splits
PtS - PPR-Prob,amazon-ratings,1.5,1.5,-0.012701004740196229,0.0648163070415334,splits
PtS - PPR-Prob,amazon-ratings,1.5,2.0,0.003402054841124115,0.04303628840799175,splits
PtS - PPR-Prob,amazon-ratings,2.0,0.0,-0.41799913814610656,0.4484892798405065,splits
PtS - PPR-Prob,amazon-ratings,2.0,0.5,-0.28418498106189444,0.29966524550302287,splits
PtS - PPR-Prob,amazon-ratings,2.0,1.0,-0.0743915991925792,0.09553194473489982,splits
PtS - PPR-Prob,amazon-ratings,2.0,1.5,-0.020412329046744004,0.11348244068531448,splits
PtS - PPR-Prob,amazon-ratings,2.0,2.0,-0.021319543671044185,0.0664448268423722,splits
PtS - PPR-Prob,books-history,0.0,0.0,0.008022462896110449,0.18152761330099876,splits
PtS - PPR-Prob,books-history,0.0,0.5,-0.006551678031822114,0.163482797245866,splits
PtS - PPR-Prob,books-history,0.0,1.0,-0.020724695814948235,0.2574445517303806,splits
PtS - PPR-Prob,books-history,0.0,1.5,-0.0882470918572003,0.5509543890992868,splits
PtS - PPR-Prob,books-history,0.0,2.0,-0.1216740205909876,0.9318563375921234,splits
PtS - PPR-Prob,books-history,0.5,0.0,0.0064179703168875,0.08822863195905867,splits
PtS - PPR-Prob,books-history,0.5,0.5,0.01818424923118036,0.08646937642053798,splits
PtS - PPR-Prob,books-history,0.5,1.0,0.018585372375985697,0.15076588230536758,splits
PtS - PPR-Prob,books-history,0.5,1.5,0.039443775905869054,0.2844943890825671,splits
PtS - PPR-Prob,books-history,0.5,2.0,0.0017382002941576879,0.45405448271765564,splits
PtS - PPR-Prob,books-history,1.0,0.0,-0.028747158711058447,0.15261726815559923,splits
PtS - PPR-Prob,books-history,1.0,0.5,0.0056157240272768265,0.13364500616809002,splits
PtS - PPR-Prob,books-history,1.0,1.0,0.06070330258055873,0.0960778812881086,splits
PtS - PPR-Prob,books-history,1.0,1.5,0.17034362882738358,0.19905062926857134,splits
PtS - PPR-Prob,books-history,1.0,2.0,0.3521861211391888,0.3923106790572006,splits
PtS - PPR-Prob,books-history,1.5,0.0,-0.11177964968578677,0.09709999548392598,splits
PtS - PPR-Prob,books-history,1.5,0.5,-0.06792351918705727,0.12155037200000789,splits
PtS - PPR-Prob,books-history,1.5,1.0,0.016312341222088543,0.12518133647634191,splits
PtS - PPR-Prob,books-history,1.5,1.5,0.10094932477604057,0.1900733014752481,splits
PtS - PPR-Prob,books-history,1.5,2.0,0.16967509025270738,0.24548261473059793,splits
PtS - PPR-Prob,books-history,2.0,0.0,-0.16218745821633926,0.13062216533052923,splits
PtS - PPR-Prob,books-history,2.0,0.5,-0.14052680839684448,0.15021678126164553,splits
PtS - PPR-Prob,books-history,2.0,1.0,-0.0504078085305526,0.10884944981192775,splits
PtS - PPR-Prob,books-history,2.0,1.5,0.03396175959352895,0.10529137074924684,splits
PtS - PPR-Prob,books-history,2.0,2.0,0.2335873779917103,0.1919170757033559,splits
PtS - PPR-Prob,cora-tag,0.0,0.0,1.3185459026494128,0.8488970157204369,splits
PtS - PPR-Prob,cora-tag,0.0,0.5,1.1111111111111112,0.7388927908038921,splits
PtS - PPR-Prob,cora-tag,0.0,1.0,1.4438283014992819,0.7356252504072588,splits
PtS - PPR-Prob,cora-tag,0.0,1.5,1.8114602587800364,1.074622173202157,splits
PtS - PPR-Prob,cora-tag,0.0,2.0,2.396796056685151,1.0895327191470925,splits
PtS - PPR-Prob,cora-tag,0.5,0.0,0.7414253440131438,0.26925891439692995,splits
PtS - PPR-Prob,cora-tag,0.5,0.5,1.0330663380570955,0.5881256137669139,splits
PtS - PPR-Prob,cora-tag,0.5,1.0,1.2610392277675078,0.6692465338045395,splits
PtS - PPR-Prob,cora-tag,0.5,1.5,1.5567878414458813,0.9495425176859063,splits
PtS - PPR-Prob,cora-tag,0.5,2.0,1.643047853768741,0.7361315866373844,splits
PtS - PPR-Prob,cora-tag,1.0,0.0,0.6038200862600112,0.42821373759231307,splits
PtS - PPR-Prob,cora-tag,1.0,0.5,0.6592729513247078,0.3962960142922057,splits
PtS - PPR-Prob,cora-tag,1.0,1.0,1.0412815773259392,0.5483710672676296,splits
PtS - PPR-Prob,cora-tag,1.0,1.5,1.035120147874307,0.6766983893271262,splits
PtS - PPR-Prob,cora-tag,1.0,2.0,0.809201067981105,0.9754671772965325,splits
PtS - PPR-Prob,cora-tag,1.5,0.0,0.5031834052166771,0.3334587219266803,splits
PtS - PPR-Prob,cora-tag,1.5,0.5,0.667488190593551,0.46079954130552875,splits
PtS - PPR-Prob,cora-tag,1.5,1.0,1.0104744300677753,0.6393476203547565,splits
PtS - PPR-Prob,cora-tag,1.5,1.5,1.6882316697473811,0.7565284345070754,splits
PtS - PPR-Prob,cora-tag,1.5,2.0,1.3781063873485304,0.4306421233035447,splits
PtS - PPR-Prob,cora-tag,2.0,0.0,0.3943314849044979,0.5091718141319568,splits
PtS - PPR-Prob,cora-tag,2.0,0.5,0.32244814130211497,0.5191306484433631,splits
PtS - PPR-Prob,cora-tag,2.0,1.0,0.5873896077223246,0.39425065540068077,splits
PtS - PPR-Prob,cora-tag,2.0,1.5,1.2425549394126105,0.41858885715340344,splits
PtS - PPR-Prob,cora-tag,2.0,2.0,1.8278907373177238,0.6504091395365853,splits
PtS - PPR-Prob,ele-computers,0.0,0.0,1.4026137796629585,0.4029595149772773,splits
PtS - PPR-Prob,ele-computers,0.0,0.5,1.2608429821544578,0.4015260111971521,splits
PtS - PPR-Prob,ele-computers,0.0,1.0,1.219254334008433,0.5628293950875908,splits
PtS - PPR-Prob,ele-computers,0.0,1.5,1.1590049294967328,0.8788456376766265,splits
PtS - PPR-Prob,ele-computers,0.0,2.0,1.0341116078820998,1.3095346062943938,splits
PtS - PPR-Prob,ele-computers,0.5,0.0,1.211420637650146,0.3039262689225796,splits
PtS - PPR-Prob,ele-computers,0.5,0.5,1.3058708140675352,0.2738293632542539,splits
PtS - PPR-Prob,ele-computers,0.5,1.0,1.4543926019335858,0.3473986858720285,splits
PtS - PPR-Prob,ele-computers,0.5,1.5,1.6338670437031095,0.5121499961330431,splits
PtS - PPR-Prob,ele-computers,0.5,2.0,1.8967098475295194,0.9689937932773905,splits
PtS - PPR-Prob,ele-computers,1.0,0.0,1.198173411288166,0.23982755187170607,splits
PtS - PPR-Prob,ele-computers,1.0,0.5,1.2795674271084105,0.28250441195805,splits
PtS - PPR-Prob,ele-computers,1.0,1.0,1.8646744876253076,0.5408435683281257,splits
PtS - PPR-Prob,ele-computers,1.0,1.5,2.364693594201791,0.8945793437409858,splits
PtS - PPR-Prob,ele-computers,1.0,2.0,2.991771434394385,1.2985498821473442,splits
PtS - PPR-Prob,ele-computers,1.5,0.0,1.1849261849261845,0.3523117323714048,splits
PtS - PPR-Prob,ele-computers,1.5,0.5,1.2767651292241458,0.3812455910322664,splits
PtS - PPR-Prob,ele-computers,1.5,1.0,1.5938069216757733,0.5214899191747379,splits
PtS - PPR-Prob,ele-computers,1.5,1.5,2.284000152852612,0.6077245499146253,splits
PtS - PPR-Prob,ele-computers,1.5,2.0,2.6332683709732883,0.9079119051843729,splits
PtS - PPR-Prob,ele-computers,2.0,0.0,1.467958271236959,0.42899520832077565,splits
PtS - PPR-Prob,ele-computers,2.0,0.5,1.442864967455131,0.478915622244664,splits
PtS - PPR-Prob,ele-computers,2.0,1.0,1.6718891309055248,0.6327021272150569,splits
PtS - PPR-Prob,ele-computers,2.0,1.5,2.0391175309208096,0.6782486830650799,splits
PtS - PPR-Prob,ele-computers,2.0,2.0,2.7162546015005025,0.6417114337363533,splits
PtS - PPR-Prob,ele-photo,0.0,0.0,0.478307315896482,0.6258775971911236,splits
PtS - PPR-Prob,ele-photo,0.0,0.5,0.3331150855186832,0.7769142308870335,splits
PtS - PPR-Prob,ele-photo,0.0,1.0,0.2586810939958876,1.0293531531733051,splits
PtS - PPR-Prob,ele-photo,0.0,1.5,0.2957832224864173,1.3716438272013924,splits
PtS - PPR-Prob,ele-photo,0.0,2.0,0.381359339283458,1.6707548858616779,splits
PtS - PPR-Prob,ele-photo,0.5,0.0,0.14450302675258794,0.21330961823226455,splits
PtS - PPR-Prob,ele-photo,0.5,0.5,0.1533478066094624,0.25321988411890756,splits
PtS - PPR-Prob,ele-photo,0.5,1.0,-0.04778478468130089,0.5515857295544611,splits
PtS - PPR-Prob,ele-photo,0.5,1.5,-0.10429948194860747,0.7427040953438325,splits
PtS - PPR-Prob,ele-photo,0.5,2.0,-0.024926197778467017,0.6836561943584349,splits
PtS - PPR-Prob,ele-photo,1.0,0.0,-0.008844779856875089,0.20469596195399348,splits
PtS - PPR-Prob,ele-photo,1.0,0.5,0.01033805437816591,0.18327160160245604,splits
PtS - PPR-Prob,ele-photo,1.0,1.0,0.15897630288202014,0.2410414253870345,splits
PtS - PPR-Prob,ele-photo,1.0,1.5,0.19998391858207845,0.4664571312110905,splits
PtS - PPR-Prob,ele-photo,1.0,2.0,0.24443755240819204,0.5636559336933823,splits
PtS - PPR-Prob,ele-photo,1.5,0.0,-0.08052195687882648,0.5182751773984547,splits
PtS - PPR-Prob,ele-photo,1.5,0.5,-0.04594690834740363,0.4468630475258579,splits
PtS - PPR-Prob,ele-photo,1.5,1.0,0.18057134980529954,0.37295728132479006,splits
PtS - PPR-Prob,ele-photo,1.5,1.5,0.5775526379268754,0.47504859395881943,splits
PtS - PPR-Prob,ele-photo,1.5,2.0,0.5113890899066131,0.42891636505623276,splits
PtS - PPR-Prob,ele-photo,2.0,0.0,-0.21928162008798865,0.7706288835315218,splits
PtS - PPR-Prob,ele-photo,2.0,0.5,-0.1921729441630191,0.6975318215560762,splits
PtS - PPR-Prob,ele-photo,2.0,1.0,-0.009189381669480889,0.591241827986839,splits
PtS - PPR-Prob,ele-photo,2.0,1.5,0.1644899318837086,0.6063035555282247,splits
PtS - PPR-Prob,ele-photo,2.0,2.0,0.4242048313174128,0.4094609787032809,splits
PtS - PPR-Prob,ogbn-arxiv,0.0,0.0,0.5994143022721535,0.4079136042893994,seed x draw
PtS - PPR-Prob,ogbn-arxiv,0.0,0.5,0.9039222544561724,0.38732279490424537,seed x draw
PtS - PPR-Prob,ogbn-arxiv,0.0,1.0,2.3274740699591,1.5123082373293406,seed x draw
PtS - PPR-Prob,ogbn-arxiv,0.0,1.5,1.1588219291447504,4.13805914048801,seed x draw
PtS - PPR-Prob,ogbn-arxiv,0.0,2.0,-0.6017003980092669,4.145737501601057,seed x draw
PtS - PPR-Prob,ogbn-arxiv,0.5,0.0,0.9011789395716341,0.3400987909313538,seed x draw
PtS - PPR-Prob,ogbn-arxiv,0.5,0.5,0.8975211863922435,0.28391031150840534,seed x draw
PtS - PPR-Prob,ogbn-arxiv,0.5,1.0,0.8742030098736482,0.21230885692624277,seed x draw
PtS - PPR-Prob,ogbn-arxiv,0.5,1.5,0.5166576365885035,1.31212639084257,seed x draw
PtS - PPR-Prob,ogbn-arxiv,0.5,2.0,-1.0072537817738738,2.658551611057372,seed x draw
PtS - PPR-Prob,ogbn-arxiv,1.0,0.0,0.1762579813317412,0.35772016791587175,seed x draw
PtS - PPR-Prob,ogbn-arxiv,1.0,0.5,0.19226065149156282,0.41282744781135366,seed x draw
PtS - PPR-Prob,ogbn-arxiv,1.0,1.0,0.3109090202479477,0.2254202264325266,seed x draw
PtS - PPR-Prob,ogbn-arxiv,1.0,1.5,-0.4124116709759577,0.5230499618618414,seed x draw
PtS - PPR-Prob,ogbn-arxiv,1.0,2.0,-2.403601058005106,1.3050739415837842,seed x draw
PtS - PPR-Prob,ogbn-arxiv,1.5,0.0,0.8568286822715562,1.02889281007745,seed x draw
PtS - PPR-Prob,ogbn-arxiv,1.5,0.5,0.8051629186127044,1.031151122791112,seed x draw
PtS - PPR-Prob,ogbn-arxiv,1.5,1.0,0.8582003397138251,1.2271376174714814,seed x draw
PtS - PPR-Prob,ogbn-arxiv,1.5,1.5,1.6942255507776152,1.6472833877980568,seed x draw
PtS - PPR-Prob,ogbn-arxiv,1.5,2.0,1.0079396104950091,1.004984821207902,seed x draw
PtS - PPR-Prob,ogbn-arxiv,2.0,0.0,0.17397188559462595,0.37084884110085753,seed x draw
PtS - PPR-Prob,ogbn-arxiv,2.0,0.5,0.10698928049708782,0.236382686129364,seed x draw
PtS - PPR-Prob,ogbn-arxiv,2.0,1.0,0.023546786092308748,0.12864271244637412,seed x draw
PtS - PPR-Prob,ogbn-arxiv,2.0,1.5,0.23112427902255303,0.31875102627574126,seed x draw
PtS - PPR-Prob,ogbn-arxiv,2.0,2.0,0.18220183024824768,0.22118720554326357,seed x draw
PtS - PPR-Prob,ogbn-products,0.0,0.0,0.8450322798896792,0.17827705014296336,seed x draw
PtS - PPR-Prob,ogbn-products,0.0,0.5,-1.9284390524886297,0.5010370247148979,seed x draw
PtS - PPR-Prob,ogbn-products,0.0,1.0,-3.1994366451467386,0.09470942638358004,seed x draw
PtS - PPR-Prob,ogbn-products,0.0,1.5,-1.301462775618153,0.1610225340965797,seed x draw
PtS - PPR-Prob,ogbn-products,0.0,2.0,-1.1722418001689827,0.1214903417175819,seed x draw
PtS - PPR-Prob,ogbn-products,0.5,0.0,-0.24997716868498324,0.24676854772508855,seed x draw
PtS - PPR-Prob,ogbn-products,0.5,0.5,-0.540571234230014,0.5044803791526002,seed x draw
PtS - PPR-Prob,ogbn-products,0.5,1.0,-1.4635186713967012,0.6880804075168165,seed x draw
PtS - PPR-Prob,ogbn-products,0.5,1.5,-1.0541967471438516,0.4758550231505246,seed x draw
PtS - PPR-Prob,ogbn-products,0.5,2.0,-1.0187661610942451,0.38468881261556315,seed x draw
PtS - PPR-Prob,ogbn-products,1.0,0.0,0.03595775220168616,0.27790076143745784,seed x draw
PtS - PPR-Prob,ogbn-products,1.0,0.5,0.05844515406029124,0.18460102052787442,seed x draw
PtS - PPR-Prob,ogbn-products,1.0,1.0,0.02238196862819095,0.06246134027560236,seed x draw
PtS - PPR-Prob,ogbn-products,1.0,1.5,0.016768904266074088,0.04693044941863026,seed x draw
PtS - PPR-Prob,ogbn-products,1.0,2.0,0.02238698925821132,0.08499588243196925,seed x draw
PtS - PPR-Prob,ogbn-products,1.5,0.0,0.04009977196800641,0.16991996187804193,seed x draw
PtS - PPR-Prob,ogbn-products,1.5,0.5,0.15723609095955357,0.17884021007044854,seed x draw
PtS - PPR-Prob,ogbn-products,1.5,1.0,0.09003495814476471,0.09864671662204699,seed x draw
PtS - PPR-Prob,ogbn-products,1.5,1.5,0.07036915035727577,0.07623135932761338,seed x draw
PtS - PPR-Prob,ogbn-products,1.5,2.0,0.07523414084644495,0.08703294674855809,seed x draw
PtS - PPR-Prob,ogbn-products,2.0,0.0,0.07337148710910724,0.2960819076998589,seed x draw
PtS - PPR-Prob,ogbn-products,2.0,0.5,0.20813021747009522,0.44587774541612263,seed x draw
PtS - PPR-Prob,ogbn-products,2.0,1.0,0.11163872911989071,0.22938353592930896,seed x draw
PtS - PPR-Prob,ogbn-products,2.0,1.5,0.08556659742715762,0.15234076800049093,seed x draw
PtS - PPR-Prob,ogbn-products,2.0,2.0,0.0948999486339339,0.15404132092587527,seed x draw
PtS - PPR-Prob,pubmed-tag,0.0,0.0,0.22903989181879636,0.18625417631616523,splits
PtS - PPR-Prob,pubmed-tag,0.0,0.5,0.24256254225828222,0.19205568563819156,splits
PtS - PPR-Prob,pubmed-tag,0.0,1.0,0.30679513184584173,0.2955364169130926,splits
PtS - PPR-Prob,pubmed-tag,0.0,1.5,0.5462587333784091,0.5452083979641037,splits
PtS - PPR-Prob,pubmed-tag,0.0,2.0,0.7860040567951323,0.9299894998971551,splits
PtS - PPR-Prob,pubmed-tag,0.5,0.0,0.23890015776425458,0.16720140423202973,splits
PtS - PPR-Prob,pubmed-tag,0.5,0.5,0.2214334009465851,0.16140694465624836,splits
PtS - PPR-Prob,pubmed-tag,0.5,1.0,0.3332769889565024,0.20165834474215466,splits
PtS - PPR-Prob,pubmed-tag,0.5,1.5,0.570768537299978,0.4235795722402081,splits
PtS - PPR-Prob,pubmed-tag,0.5,2.0,0.8770002253775069,0.6601436357564944,splits
PtS - PPR-Prob,pubmed-tag,1.0,0.0,0.1946698219517689,0.17611286022616238,splits
PtS - PPR-Prob,pubmed-tag,1.0,0.5,0.21298174442190657,0.20281453917709744,splits
PtS - PPR-Prob,pubmed-tag,1.0,1.0,0.29101870633310856,0.21506636253263192,splits
PtS - PPR-Prob,pubmed-tag,1.0,1.5,0.4121591165201708,0.3276921926847756,splits
PtS - PPR-Prob,pubmed-tag,1.0,2.0,0.6347194050033809,0.4503264567105126,splits
PtS - PPR-Prob,pubmed-tag,1.5,0.0,0.36511156186612603,0.13760671394286947,splits
PtS - PPR-Prob,pubmed-tag,1.5,0.5,0.31552851025467643,0.17558906401257204,splits
PtS - PPR-Prob,pubmed-tag,1.5,1.0,0.30172413793103475,0.2200496597219731,splits
PtS - PPR-Prob,pubmed-tag,1.5,1.5,0.37835249042145586,0.22410636985511395,splits
PtS - PPR-Prob,pubmed-tag,1.5,2.0,0.447937795807979,0.2877458038493699,splits
PtS - PPR-Prob,pubmed-tag,2.0,0.0,0.526819923371648,0.2874575765724303,splits
PtS - PPR-Prob,pubmed-tag,2.0,0.5,0.4839981969799408,0.28140492524680016,splits
PtS - PPR-Prob,pubmed-tag,2.0,1.0,0.3800428217263915,0.35131232290293896,splits
PtS - PPR-Prob,pubmed-tag,2.0,1.5,0.39159341897678657,0.3157967028319987,splits
PtS - PPR-Prob,pubmed-tag,2.0,2.0,0.5062542258282623,0.2680228364841513,splits
PtS - PPR-Prob,roman-empire,0.0,0.0,-0.005882785498933692,0.013778924256739697,splits
PtS - PPR-Prob,roman-empire,0.0,0.5,-0.002451160624554996,0.011952462875805552,splits
PtS - PPR-Prob,roman-empire,0.0,1.0,-0.0041669730617447135,0.019093546580705265,splits
PtS - PPR-Prob,roman-empire,0.0,1.5,-0.0017158124371890707,0.011265269224191011,splits
PtS - PPR-Prob,roman-empire,0.0,2.0,-0.007108365811211591,0.020293544207478764,splits
PtS - PPR-Prob,roman-empire,0.5,0.0,-0.02377625805819054,0.03206453729276845,splits
PtS - PPR-Prob,roman-empire,0.5,0.5,-0.006863249748755913,0.03318484861231657,splits
PtS - PPR-Prob,roman-empire,0.5,1.0,-0.006127901561389155,0.019651793793343933,splits
PtS - PPR-Prob,roman-empire,0.5,1.5,0.01299115131014562,0.025395780096444026,splits
PtS - PPR-Prob,roman-empire,0.5,2.0,-0.0009804642498223433,0.009330164749774293,splits
PtS - PPR-Prob,roman-empire,1.0,0.0,-0.034071132681324535,0.050952313105742414,splits
PtS - PPR-Prob,roman-empire,1.0,0.5,-0.012010687060322786,0.03209367174336031,splits
PtS - PPR-Prob,roman-empire,1.0,1.0,-0.004902321249111471,0.017561900188906614,splits
PtS - PPR-Prob,roman-empire,1.0,1.5,-0.0053925533740229225,0.01908480371354944,splits
PtS - PPR-Prob,roman-empire,1.0,2.0,-0.0031865088119223386,0.012921334299366552,splits
PtS - PPR-Prob,roman-empire,1.5,0.0,-0.015687427997156635,0.028636531912181063,splits
PtS - PPR-Prob,roman-empire,1.5,0.5,-0.01960928499644502,0.04652185486019982,splits
PtS - PPR-Prob,roman-empire,1.5,1.0,0.0051474373115669965,0.022299724823045007,splits
PtS - PPR-Prob,roman-empire,1.5,1.5,0.0017158124371891934,0.02108726392386019,splits
PtS - PPR-Prob,roman-empire,1.5,2.0,-0.0019609284996444094,0.024723127512042118,splits
PtS - PPR-Prob,roman-empire,2.0,0.0,-0.07525063117386087,0.11391408413622091,splits
PtS - PPR-Prob,roman-empire,2.0,0.5,-0.03529671299360302,0.11236313276139348,splits
PtS - PPR-Prob,roman-empire,2.0,1.0,-0.018628820746623732,0.08057158814692,splits
PtS - PPR-Prob,roman-empire,2.0,1.5,0.011030222810500843,0.04596243903102955,splits
PtS - PPR-Prob,roman-empire,2.0,2.0,-0.006863249748755849,0.034506367920186506,splits
PtS - PPR-Prob,tape-arxiv23,0.0,0.0,0.03932604538730715,0.05320063794368568,splits
PtS - PPR-Prob,tape-arxiv23,0.0,0.5,0.03391420427896271,0.0846729914245949,splits
PtS - PPR-Prob,tape-arxiv23,0.0,1.0,0.20877680364637846,0.23304252701746916,splits
PtS - PPR-Prob,tape-arxiv23,0.0,1.5,0.472153070919171,0.49395876261573257,splits
PtS - PPR-Prob,tape-arxiv23,0.0,2.0,0.5876056812305327,0.62717944660014,splits
PtS - PPR-Prob,tape-arxiv23,0.5,0.0,0.05075104328270334,0.052635028351221205,splits
PtS - PPR-Prob,tape-arxiv23,0.5,0.5,0.00781710382316447,0.044586655390594206,splits
PtS - PPR-Prob,tape-arxiv23,0.5,1.0,0.038363940301379254,0.10175561129217767,splits
PtS - PPR-Prob,tape-arxiv23,0.5,1.5,0.2431720604683048,0.2748577944311862,splits
PtS - PPR-Prob,tape-arxiv23,0.5,2.0,0.35237098772113373,0.44022258369163514,splits
PtS - PPR-Prob,tape-arxiv23,1.0,0.0,0.011424997895395453,0.0600279186175432,splits
PtS - PPR-Prob,tape-arxiv23,1.0,0.5,-0.004088946615194865,0.04536894806129703,splits
PtS - PPR-Prob,tape-arxiv23,1.0,1.0,0.004930788565381044,0.033349747938741216,splits
PtS - PPR-Prob,tape-arxiv23,1.0,1.5,0.02934420512080439,0.0913897848429256,splits
PtS - PPR-Prob,tape-arxiv23,1.0,2.0,-0.014431576288920094,0.23090591658889462,splits
PtS - PPR-Prob,tape-arxiv23,1.5,0.0,0.02645788986302004,0.14983368883942738,splits
PtS - PPR-Prob,tape-arxiv23,1.5,0.5,-0.02260946951930785,0.15541711736579633,splits
PtS - PPR-Prob,tape-arxiv23,1.5,1.0,-0.04437709708843015,0.10290516429066483,splits
PtS - PPR-Prob,tape-arxiv23,1.5,1.5,0.02465394282690504,0.037207141541702494,splits
PtS - PPR-Prob,tape-arxiv23,1.5,2.0,-0.14070786881697167,0.31825603938975316,splits
PtS - PPR-Prob,tape-arxiv23,2.0,0.0,-0.3546559873002133,0.2674078460171786,splits
PtS - PPR-Prob,tape-arxiv23,2.0,0.5,-0.4381186035044674,0.26894346689101334,splits
PtS - PPR-Prob,tape-arxiv23,2.0,1.0,-0.5440704260922897,0.20848554892110313,splits
PtS - PPR-Prob,tape-arxiv23,2.0,1.5,-0.3629541436663418,0.15668891300271556,splits
PtS - PPR-Prob,tape-arxiv23,2.0,2.0,0.650503301223076,0.37169435871341266,splits
PtS - PPR-Prob,wikics,0.0,0.0,0.18299982897212314,0.3323038141294938,splits
PtS - PPR-Prob,wikics,0.0,0.5,0.3221025027079409,0.4548006296657348,splits
PtS - PPR-Prob,wikics,0.0,1.0,0.681451076525475,0.8995197382082915,splits
PtS - PPR-Prob,wikics,0.0,1.5,1.4961138665602494,1.488855479191777,splits
PtS - PPR-Prob,wikics,0.0,2.0,2.191817266214393,2.432722447684891,splits
PtS - PPR-Prob,wikics,0.5,0.0,-0.04978811546282054,0.2592385941708835,splits
PtS - PPR-Prob,wikics,0.5,0.5,0.1301712179085189,0.3239447577170377,splits
PtS - PPR-Prob,wikics,0.5,1.0,0.4152176804819188,0.4667505737302653,splits
PtS - PPR-Prob,wikics,0.5,1.5,1.2182885810387085,0.6827403000347961,splits
PtS - PPR-Prob,wikics,0.5,2.0,1.6606806909526264,0.9611107418708381,splits
PtS - PPR-Prob,wikics,1.0,0.0,-0.17862911654599634,0.26897868486994325,splits
PtS - PPR-Prob,wikics,1.0,0.5,0.010261672652642651,0.24871272599333888,splits
PtS - PPR-Prob,wikics,1.0,1.0,0.44999334891587306,0.28047982534624605,splits
PtS - PPR-Prob,wikics,1.0,1.5,1.1270737130152217,0.5885205061863023,splits
PtS - PPR-Prob,wikics,1.0,2.0,1.7355528951219044,0.9813100315898092,splits
PtS - PPR-Prob,wikics,1.5,0.0,-0.5980274784789915,0.45864837439820616,splits
PtS - PPR-Prob,wikics,1.5,0.5,-0.4049560078292762,0.42195002878780535,splits
PtS - PPR-Prob,wikics,1.5,1.0,0.09786595215020123,0.30285456945529554,splits
PtS - PPR-Prob,wikics,1.5,1.5,1.2863196701062274,0.5432659173818561,splits
PtS - PPR-Prob,wikics,1.5,2.0,2.0673469775573414,0.7807590654683448,splits
PtS - PPR-Prob,wikics,2.0,0.0,-1.749995249225623,1.2435766812891258,splits
PtS - PPR-Prob,wikics,2.0,0.5,-1.5240484198924427,1.1562749382471509,splits
PtS - PPR-Prob,wikics,2.0,1.0,-0.5706630180719456,0.9274316539776919,splits
PtS - PPR-Prob,wikics,2.0,1.5,0.7131862493586454,0.9900174275274284,splits
PtS - PPR-Prob,wikics,2.0,2.0,3.1651559204150272,0.9124641123042646,splits
